Ref ID,1,2,3,4,5,6,7,8,9,10,11,12,13,14,15,16,17,18,19,20,21,22,23,24,25,26,27,28,29,30,31,32,33,34,35,36,37,38,39,40,41,42,43,44,45,46,47,48,49,50,51,52,53,54,55,56,57,58,59,60,61,62,63,64,65,66,67,68,69,70,71,72,73,74,75,76,77,78,79,80,81,82,83,84,85,86,87,88,89,90,91,92,93,94,95,96,97,98,99,100,101,102,103,104,105,106,107,108,109,110,111,112,113,114,115,116,117,118,119,120,121,122,123,124,125,126,127,128,129,130,131,132,133,134,135,136,137,138,139,140,141,142,143,144,145,146,147,148,149,150,151,152,153,154,155,156,157,158,159,160,161,162,163,164,165,166,167,168,169,170,171,172,173,174,175,176,177
1,,,,new orleans,chicago,,,,,,new orleans,new orleans,dallas,new york,boston,brooklyn,charlotte,,,,,,new orleans,,,,,,,,,new orleans,new orleans,,,,,,,,,,,,,,,,,,new orleans,,,,,,,new orleans,,,,,,,,,,,,,,,,new orleans,new orleans,dallas,san antonio,denver,memphis,,,,,,,,,oakland,los angeles,dallas,,,,,,,,,,new orleans,,,,,,,new orleans,,,,,,,oakland,,,,,minneapolis,oakland,dallas,new orleans,,,,,,,,,,,minneapolis,denver,charlotte,denver,los angeles,dallas,,,,,,new orleans,,,,,,,,,,,,,oakland,los angeles,chicago,new york,,,,,,,,,,new orleans,,,,,,minneapolis,san antonio
2,,,,,,,,,,,,,,,,,,,,,,,,,,,,,,,,,,,,,,,,,,,,,,,,,,,,,,,,,,,,,,,,,,,,,,,,,,,,,,,,,,,,,,,,,,,,,,,,,,,,,,,,,,,,,,,,,,,,,,,,,,,,,,,,,,,,,,,,,,,,,,,,,,,,,,,,,,,,,,,,,,,,,,,,,,,,,,,,,
3,,,,,,,,,,,,,,,,,,,,,,,,,,,,,,,,,,,,,,,,,,,,,,,,,,,,,,,,,,,,,,,,,,,,,,,,,,,,,,,,,,,,,,,,,,,,,,,,,,,,,,,,,,,,,,,,,,,,,,,,,,,,,,,,,,,,,,,,,,,,,,,,,,,,,,,,,,,,,,,,,,,,,,,,,,,,,,,,,
4,,,,,,,,,,,,,,,,,,,,,,,,,,,,,,,,,,,,,,,,,,,,,,,,,,,,,,,,,,,,,,,,,,,,,,,,,,,,,,,,,,,,,,,,,,,,,,,,,,,,,,,,,,,,,,,,,,,,,,,,,,,,,,,,,,,,,,,,,,,,,,,,,,,,,,,,,,,,,,,,,,,,,,,,,,,,,,minneapolis,,,
5,,,,,,,,,,,,,,,,,,,,,,,,,,,,,,,,,,,,,,,,,,,,,,,,,,,,,,,,,,,,,,,,,,,,,,,,,,,,,,,,,,,,,,,,,,,,,,,,,,,,,,,,,,,,,,,,,,,,,,,,,,,,,,,,,,,,,,,,,,,,,,,,,,,,,,,,,,,,,,,,,,,,,,,,,,,,denver,,,,,
6,,,,,,,,,,,,,,,,,,,,,,,,,,,,,,,,,,,,,,,indianapolis,cleveland,atlanta,cleveland,,,,,,,,,,,,,,,,,,,,,,,,,,,,,,,,,,,,,,,,,,,,,,,,,,,,,,,,,,,,,,,,,,,,,,,,,,,,,,,,,,,,,,,,,,,,,,,,,,,,,,,,,,,,,,,,,,,,,,,,,,,,,,,,,,,,,,minneapolis,milwaukee
7,,,,,,,,,san antonio,oklahoma city,toronto,atlanta,,,,,,,san antonio,san antonio,,,,,,,,,,,,,,,,,,,chicago,,,,,,,charlotte,,,,,,,chicago,chicago,,,,,,,,,,,,,chicago,,,,,san antonio,,,,,,,,,chicago,,,,,,,,,,,,,,,,,,,,,,,san antonio,charlotte,orlando,,,,,,,,chicago,orlando,,,,,,,,,,,,,,,,,,chicago,,,,,,,,,chicago,,,,,,,,,san antonio,san antonio,,,,,,,,,,charlotte,,,,,,,,,,,,,,chicago,charlotte
8,,,,,,,,,,,,,,,,,,,,,,,,,,,,,,,,,,,,,,,,,,,,,,,,,,,,,,,,,,,,,,,,,,,,,,,,,,,,,,,,,,,,,,,,,,,,,,,,,,,,,,,,,,,,,,,,,,,,,,,,,,,,,,,,,,,,,,,,,,,,,,,,,,,,,,,,,,,,,,,,,,,,,,,,,,,,,,,,,
9,,,,,,,,,,,,,,,,,,,,,,,,,,,,,,,,,,,new orleans,,,,,,,,,,,,,,,,,,,,,los angeles,los angeles,new orleans,,,,,,,,,,,,,,memphis,,,,,,,,,,,,,,,,,,,,,,,,,,,,philadelphia,,,,,,,,,,,,,,,,,,,,,,,,,,,,,,,,,new orleans,,,,,,,,,,,,,,,new orleans,atlanta,indianapolis,new orleans,new orleans,,,,,,,,,,,,new orleans,,,,,,,,indianapolis,,,,,
10,,,,,,,,,,,,,,,,,,,,,,,,,,,,,,,,,,,,,,,,,,,,,,,,,,,,,,,,,,,,,,,,,,,,,,,,,,,,,,,,,,,,,,,,,,,,,,,,,,,,,,,,,,,,,,,,,,,,,,,,,,,,,,,,,,,,,,,,,,,,,,,,,,,,,,,,,,,,,,,,,,,,,,,,,,,,,,,,,
11,,,,,,,,,,,,,,,,,,,,,,,,,,,,,,,,,,,,,,,,,,,,,,,,,,,,,,,,,,,,,,,,,,,,,,,,,,,,,,,,,,,,,,,,,,,,,,,,,,,,,,,,,,,,,,,,,,,,,,,,,,,,,,,,,,,,,,,,,,,,,,,,,,,,,,,,,,,,,,,,,,,,,,,,,,,,,,,,,
12,,,,salt lake city,dallas,oklahoma city,minneapolis,,,,,,oklahoma city,minneapolis,,,,,portland,portland,oklahoma city,dallas,salt lake city,oklahoma city,denver,,,,oakland,phoenix,denver,indianapolis,indianapolis,minneapolis,,,,,oklahoma city,oklahoma city,portland,oakland,phoenix,oklahoma city,,,,dallas,new york,dallas,,,,,,oklahoma city,,,,,,,oklahoma city,,,,,oakland,sacramento,,,,,,,,phoenix,sacramento,phoenix,sacramento,phoenix,denver,,,,salt lake city,denver,washington,oklahoma city,,,,,oklahoma city,salt lake city,denver,,,,,,salt lake city,,,,,,,,oakland,,,,,,sacramento,salt lake city,sacramento,,,,,,,,,,,,dallas,oakland,,,,,,sacramento,phoenix,oklahoma city,,,,,oakland,,,,,oklahoma city,denver,washington,washington,new york,washington,,,,,oakland,oakland,portland,,,,,phoenix,denver,minneapolis,oakland,phoenix,,,,,,dallas,new york
13,,,,,,,,,,,,,,,,,,,,,,,,,,,,,,,,,,,,,,,,,,,,,,,,,,,,,,,,,,,,,,,,,,,,,,,,,,,,,,,,,,,,,,,,,,,,,,,,,,,,,,,,,,,,,,,,,,,,,,,,,,,,,,,,,,,,,,,,,,,,,,,,,,,,,,,,,,,,,,,,,,,,,,,,,,,,,,,,,
14,,,,,,,minneapolis,,,,,,,new york,orlando,new york,atlanta,orlando,philadelphia,washington,,,,,,,,,,brooklyn,,,,,,,cleveland,,,,,,,,,detroit,new york,charlotte,brooklyn,indianapolis,cleveland,,,,,chicago,,,,,,,,,milwaukee,,,,,,new york,atlanta,,,,,,,,,minneapolis,cleveland,toronto,milwaukee,cleveland,new orleans,,,,,,,,,minneapolis,detroit,minneapolis,new york,toronto,indianapolis,,,,new york,indianapolis,cleveland,new york,detroit,new york,,,,new york,brooklyn,orlando,philadelphia,chicago,philadelphia,,,,,,,,,,,,,,,cleveland,,,,,,,,minneapolis,detroit,milwaukee,charlotte,new york,detroit,,,,,,,,,,new york,,,,,,milwaukee,,,,,,toronto,,,,,,indianapolis,,,
15,,orlando,philadelphia,orlando,philadelphia,,,,,,,,,,,,,,,,orlando,,,,,,,,,,,,,,,,,,,,,,,,,,,,,,orlando,,,,,,,,,,,,,,,,,,orlando,,,,,,,,,,,,,,,,,,,,,,,,,,,orlando,,,,,,orlando,,,,,,,,,,,,,,,,,,,,,,,,,,,,,,,,,,,,,,,,,,,,,,,,,,,orlando,,,,,,,,,,,,,,,,,,,orlando,,,,,
16,,,,,,,,,,,,,,,,,,,,,,,,,,,,,,,,,,,,,,,philadelphia,washington,brooklyn,washington,,,,,,,,,,,,,,,,,,,,,,,,,boston,,,,,,,,,,,,,,,,,,,,,,,,,,,,,,,,,philadelphia,washington,orlando,,,,,,,,,,,,,,,,,,,,,,,,,,,,,,,,,,,,,,,,,,,,,,,,,,,,,,,,,,,,,,,,,,,,,,minneapolis,,,,,
17,,,,,,,,,,,,,,,,,,,,,,,,,sacramento,sacramento,,,,,,,,,,,,,,,,,,,,,,,,,,,,,,,,,,sacramento,,,,,,,sacramento,,,,,,,,,,,,,,,,,sacramento,,,,,,,,,,,,,,,,,,,,,,,,,,sacramento,,,,,,,,,,,,,,,,,,,,,,,,,,,,,,,,sacramento,,,,,,,,,,,,,,,,,,,,,,,,,,,,,,,,sacramento,,,
18,,,,,,,,,phoenix,,,,,,,,,,,,,,,,,,,,,,,milwaukee,houston,,,,,,chicago,,,,,,,,,,,,,,milwaukee,atlanta,,,,,,,,,,,,,chicago,houston,,,,,,,,,houston,los angeles,cleveland,,,,,,,,,houston,phoenix,dallas,houston,atlanta,houston,charlotte,,,,,,,,,,,,houston,,,,,,,,,,,,,,,,,,,,,,,,,,,houston,,,,,,,,,,,houston,,,,,houston,,,,,,,,,houston,,,,,,,,,,,,,,dallas,,,,,
19,,houston,,,,,,,milwaukee,,,,,,,,,,,,,,,,,,,,,dallas,houston,minneapolis,charlotte,,,,,,atlanta,,,,,houston,,,,,,,,,chicago,new york,detroit,philadelphia,houston,,,,,,,,houston,,,,,,houston,los angeles,houston,charlotte,,,,,,,,,,,,houston,,,,,,,,,,,,atlanta,,,,,,dallas,charlotte,,,,,,,,,,,,,,houston,,,,,,,,,,,dallas,charlotte,,,,,,,,,,,,,houston,milwaukee,atlanta,houston,,,,,,houston,dallas,,,,,,milwaukee,,,,,,chicago,,,,,,houston,,,,,
20,,,,,,,,,oakland,los angeles,sacramento,,,,,,,oakland,chicago,los angeles,oklahoma city,dallas,los angeles,oklahoma city,,,,,,,,,,,,,oakland,,,,,,,,,,,,,,,,,,,,,oakland,,,,,,,,,sacramento,waiting,sacramento,,,,,,,,,,,,,,,sacramento,phoenix,dallas,,,,,sacramento,denver,dallas,oklahoma city,minneapolis,atlanta,,,,,,,,,,,,,,sacramento,,,,,,,,,,,,,,,,,,,,,,,,,,,,,,,,sacramento,,,,,,,,,,,,,,,,,sacramento,,,,,,,,,,,,,oakland,,,,,
21,,,,,,,,,,,,,,,,,,,,,,,,,,,,,,,,,,,,,,,,,,,,,,,,,,,,,,,,,,,,,,,,,,,,,,,,,,,,,,,,,,,,,,,,,,,,,,,,,,,,,,,,,,,,,,,,,,,,,,,,,,,,,,,,,,,,,,,,,,,,,,,,,,,,,,,,,,,,,,,,,,,,,,,,,,,,,,,,oklahoma city,los angeles
22,,,,,los angeles,los angeles,toronto,,,,,,,,,,,,,,,,indianapolis,,,,,,,los angeles,los angeles,memphis,orlando,miami,philadelphia,miami,,,,,toronto,washington,detroit,philadelphia,,,,,,,,,new orleans,,,,,,,philadelphia,,,,,boston,,,,,,boston,dallas,milwaukee,indianapolis,memphis,orlando,,,,,boston,philadelphia,,,,,,,,,,,,,,,,boston,,,,,,los angeles,,,,,,,,,philadelphia,,,,,,,,,,,,,,,,,,,,miami,new york,boston,new york,brooklyn,,,,,los angeles,,,,,,philadelphia,miami,orlando,philadelphia,,,,,,,,,,,new orleans,,,,,,,,miami,,,,,,miami,atlanta
23,,,,,,,,,,,,,,,,,,,,,,,,,,,,,,,,,,,,,,,,,,,,,,,,,,,,,,,,,,,,,,,,,,,,,,,,,,,,,,,,,,,,,,,,,,,,,,,,,,,,,,,,,,,,,,,,,,,,,,,,,,,,,,,,,,,,,,,,,,,,,,,,,,,,,,,,,,,,,,,,,,,,,,,,,,,,,,,,,
24,,,,,los angeles,los angeles,dallas,,,,,,,,,,,,,,,,,,,,,,,los angeles,,,,,,,,,los angeles,,,,,,,,,,,,,,,,,los angeles,los angeles,memphis,houston,memphis,orlando,washington,,,,,los angeles,salt lake city,los angeles,,,,,,,,,,los angeles,,,,,,,los angeles,san antonio,washington,los angeles,los angeles,salt lake city,,,,,,,,,,,,,los angeles,los angeles,san antonio,,,,,,,,,,,,,,,,,,,,,,,,,,,,,los angeles,,,,,,,los angeles,,,,,,,,,,,,portland,los angeles,portland,washington,new york,charlotte,,,,,,los angeles,los angeles,los angeles,salt lake city,,,,,,portland,,,
25,,,,,,,,,,,,,,,,,,,,,,,,,,,,,,,,,,,,,,,,,,,,,,,,,,,,,,,,,,,,,,,,,,,,,,,,,,,,,,,,,,,,,,,,,,,,,,,,,,,,,,,,,,,,,,,,,,,,,,,,,,,,,,,,,,,,,,,,,,,,,,,,,,,,,,,,,,,,,,,,,,,,,,,,,,,,,,,,,
26,,,,,,,,,,,,,,,,,,,,,,,,,,,,,,,,,,,,,,,,,,,,,,,,,,,,,,,,,,,,,,,,,,,,,,,,,,,,,,,,,,,,,,,,,,,,,,,,,,,,,,,,,,,,,,,,,,,,,,,,,,,,,,,,,,,,,,,,,,,,,,,,,,,,,,,,,,,,,,,,,,,,,,,,,,,,,,,,,
27,,,,,,,,,,,minneapolis,atlanta,,,,,,,,,,,,,,,,,,minneapolis,,,,,,,minneapolis,,,,,,,,,,,,,,,,,,,,,,,,,,,,,,boston,philadelphia,boston,,,,,,,,,,boston,,,,,,,,,,,,,,,,,,,philadelphia,,,,,,,,,,,,,,,,oakland,,,,,,,minneapolis,,,,,,,,,,,,,,,,,,,,,,,,,,,,,,,,,,,,,,,,,,,,,,,,,atlanta,philadelphia,charlotte,milwaukee,cleveland,,,
28,,,,,,,,,,,,,,,,,,,,,,,,,,,,,,,,,,,,,,,,,,,,,,,,,,,,,,,,,,,,,,,,,,,,,,,,,,,,,,,,,,,,,,,,,,,,,,,,,,,,,,,,,,,,,,,,,,,,,,,,,,,,,,,,,,,,,,,,,,,,,,,,,,,,,,,,,,,,,,,,,,,,,,,,,,,,,,,,,
29,,,,,,,,,,,,,,,,,,,,,,,,,,,,,,,,,,,,,,,,,,,,,,,,,,,,,,,,,,,,,,,,,,,,,,,,,,,,,,,,,,,,,,,,,,,,,,,,,,,,,,,,,,,,,,,,,,,,,,,,,,,,,,,,,,,,,,,,,,,,,,,,,,,,,,,,,,,,,,,,,,,,,,,,,,,,,,,,,
30,,,,,,,,,oakland,los angeles,sacramento,memphis,,,,,,oakland,portland,portland,denver,,,,,,,,,,,,,,,,,,denver,milwaukee,memphis,,,,,,,,,,,,,,,,,oakland,,,,,,,,,,,,,,,,,,,,,,,,,,,,,,,,,,,,,,,,,,,,,,,,,,,,,,,,sacramento,,,,,denver,memphis,denver,,,,,,,,,,,,,,los angeles,,,,,,,,,,,,,,,,,,,,,,,,,,,,,,,,,,,,,denver,,,,,
31,,,,,,,,,,,,,,,,,,,,,,,,,,,,,,,,,,,,,,,milwaukee,cleveland,detroit,,,,,,,,,,,,,,,,,,,,,,,,,,,,,,,,,,,,,,,,,,,,,,,,,,,,,,,,,,,,,,,,,,,,,,,,,,,,,,,,,,,,,,,,,,,,,,,,,,,,,,,,,,,,,,,,,,,,,,,,,,,,,,,,,,,,,boston,,,
32,,,,,,,,,,,,,,,,,,,,,,,,,,,,,,,,,,,,,,,,,,,,,,,,,,,,,,,,,,,,,,,,,,,,,,,,,,,,,,,,,,,,,,,,,,,,,,,,,,,,,,,,,,,,,,,,,,,,,,,,,,,,,,,,,,,,,,,memphis,orlando,atlanta,,,,,,,,,,,,,,,,,,,,,,,,,,,,,,,,,,,,,,,,
33,,,,,,,,,,,,,,,,,,,,,,,,,,,,,,,,,,,,,san antonio,,,,,,,,,san antonio,,,,,,,san antonio,,,,,,,,,,,,,,,,,,,,,,,,,,,,,,,,,,,,,,,,,,,,,,,,,,,,,,,,,,,,,,,,,,,,,,,,,,,,,,,,,,san antonio,,,,,,,,,,,,,,,,,,,,,,,,,,,,,,,,,,,,,,,,,,san antonio
34,,,,,,,,,,,,,,,,,,,,,,,,,,,,,,,,,,,,,,,,,,,,,,,,,,,,,,,,,,,,,,,,,,,,,,,,,,,,,,,,,,,,,,,,,,,,,,,,,,,,,,,,,,,,,,,,,,,,,,,,,,,,,,,,,,,,,,,,,,,,,,,,,,,,,,,,,,,,,,,,,,,,,,,,,,,,,,,,,
35,,los angeles,portland,salt lake city,denver,denver,milwaukee,detroit,,,,,los angeles,san antonio,houston,minneapolis,portland,,,,,,los angeles,phoenix,denver,los angeles,portland,,,,,,,,,,salt lake city,,,,,,,portland,,,,,,phoenix,los angeles,portland,,,,,,salt lake city,houston,denver,detroit,indianapolis,houston,,,,portland,salt lake city,oklahoma city,,,,,los angeles,portland,portland,houston,los angeles,los angeles,,,,los angeles,houston,los angeles,houston,,,,,los angeles,los angeles,portland,,,,,los angeles,phoenix,salt lake city,phoenix,denver,denver,,,,portland,los angeles,,,,,portland,salt lake city,,,,,,,portland,,,,,,,,los angeles,,,,,,salt lake city,,,,,los angeles,,,,,,,salt lake city,denver,houston,,,,,portland,los angeles,oklahoma city,phoenix,houston,portland,,,,,,salt lake city,minneapolis,san antonio,,,,,los angeles,,,,,portland
36,,,,,,,,,,,houston,detroit,,,,,,,,,,,,,,,,,,boston,,,,,,,boston,,,,,,,,,portland,detroit,philadelphia,detroit,salt lake city,milwaukee,boston,,,,phoenix,,,,,,,,,boston,,,,,,boston,detroit,oakland,denver,milwaukee,,,,,,boston,detroit,,,,,,,,,,,,,,,,boston,,,,,,,,,,,,,,,,,,,,,,,,,,,,,,,,,,,,,boston,new york,brooklyn,indianapolis,boston,,,,,,,,,,,,,,houston,oklahoma city,milwaukee,san antonio,phoenix,cleveland,,,,,,,,,,,,,,,,houston,,,
37,,,,,,,,,,,,,,,,,,,,,,,,,,,,,,,,,,,,,,,,,,,,,,,,,,,,,,,,,,,,,,,,,,,,,,,,,,,,,,,,,,,,,,,,,,,,,,,,,,,,,,,,,,,,,,,,,,,,,,,,,,,,,,,,,,,,,,,,,,,,,,,,,,,,,,,,,,,,,,,,,,,,,,,,,,,,,,,,,
38,,,,,,,,,,,,,,denver,memphis,,,,,,,,,,sacramento,memphis,denver,memphis,,,,,,,,,oakland,,,,,,,,,,,,,,,,,,,denver,,,,,,,,,,,,,,,,,,,,,,,los angeles,sacramento,phoenix,denver,phoenix,dallas,oklahoma city,,,,,,,,oakland,,,,,,,,,denver,denver,los angeles,memphis,,,,,,,,oklahoma city,dallas,portland,washington,indianapolis,oakland,,,,,,,,,,,,,,,,,los angeles,denver,sacramento,denver,,,,,,,,,,denver,,,,,,,,,,,,,,denver,memphis,,,,,,,denver,,,,,,los angeles,denver
39,,,,,,,oakland,,,,,,,,,oakland,,,,,,,,,,,,,,,,,,,,,oakland,,,,,,,,,portland,,,,,,,,,,oakland,,,,,,,oakland,,,,,,oakland,,,,,,,,,,,oakland,,,,,,,,oakland,,,,,oakland,,,,,,,,,,,,,,,,,,,,oklahoma city,dallas,,,,,,,,,,,,,,,,,,,,,salt lake city,oklahoma city,,,,,,,,,,oakland,,,,,,,,portland,sacramento,portland,sacramento,,,,,,,,,,,,,,,oakland,,,,,
40,,,,,,,,,,,,,,,,,,,,,,,,,,,,,,,,,,,,,minneapolis,,,,,,,,,,,,,,,,,,,,,,,,,,,,,,,,,,,,,,,,,,,,,,,,,,,,,,,,,,,,,,,,,,,,,,,,,,,,,,,,,,,,minneapolis,,,,,,,,,,,,,,,,,,,,,,,,,,,,,,,,,,,,,,,,,,,,,,,,,,,minneapolis,,,,,
41,,toronto,waiting,toronto,new york,,,,,,new york,memphis,,,,,,,,,new york,,,,,toronto,new york,toronto,waiting,toronto,,,,,,,,,new york,milwaukee,toronto,,,,,,,,toronto,waiting,toronto,,,,,,,,,brooklyn,memphis,,,,,,new york,,,,,memphis,,,,,,,,,,,,,,,,new york,,,,,,toronto,portland,,,,,new york,,,,,,,,,new york,salt lake city,,,,,,,,,toronto,,,,,,,,,,,toronto,milwaukee,,,,,,toronto,philadelphia,charlotte,,,,,,,,,,,,,,,toronto,,,,,,,,,,new york,,,,,,brooklyn,,,,,,oklahoma city,denver
42,,,,,,,,,,,,,,,,,,,,,,,,,,,,,,,,,,,,,,,,,,,,,,,,,,,,,,,,,,,,,,,,,,,,,,,,,,,,,,,,,,,,,,,,,,,,,,,,,,,,,,,,,,,,,,,,,,,,,,,,,,,,,,,,,,,,,,,,,,,,,,,,,,,,,,,,,,,,,,,,,,,,,,,,,,,,,,,,,
43,,,,new orleans,chicago,,,,,,new orleans,new orleans,dallas,philadelphia,charlotte,new york,charlotte,,,,,,new orleans,,,,,,,oklahoma city,denver,indianapolis,indianapolis,san antonio,philadelphia,,,,oakland,oakland,los angeles,chicago,memphis,philadelphia,,,,,new orleans,dallas,minneapolis,,,,,oakland,,,,,,new orleans,,,,,los angeles,los angeles,cleveland,,,,,new orleans,new orleans,dallas,san antonio,denver,memphis,,,,,new orleans,,,,,,,,,oakland,,,,,,,new orleans,,,,,,los angeles,minneapolis,san antonio,charlotte,charlotte,,,,,,new orleans,atlanta,dallas,oklahoma city,philadelphia,new york,,,,,,,,,,new orleans,,,,,,,,,,oakland,atlanta,,,,,,new orleans,atlanta,boston,detroit,boston,new york,,,,oakland,los angeles,chicago,new york,memphis,minneapolis,,,,,new orleans,dallas,san antonio,,,,,oakland,,,
44,,sacramento,,,,,,,sacramento,,,,,,,,,,,,,,sacramento,,,,,sacramento,,,,,,,sacramento,,,,,,sacramento,salt lake city,denver,milwaukee,sacramento,los angeles,sacramento,,,,,,,,,,,sacramento,,,,,,,sacramento,,,,,,,,sacramento,,,,,,,,,sacramento,,,,,sacramento,salt lake city,sacramento,,,,,,,,,,,,,,,,,,sacramento,,,,,sacramento,,,,,,,,,,,,,,,,,,,,,,,sacramento,,,,,sacramento,,,,,,,,,,,,,sacramento,,,,,,sacramento,los angeles,salt lake city,dallas,salt lake city,,,,,,sacramento,los angeles,sacramento,salt lake city,,,,,
45,,,,,,,,,,,,,,,,,,,,,,,,,,,,,,,,,,,,,,,los angeles,dallas,los angeles,salt lake city,denver,charlotte,,,,,,,,,,,,,,,,,,,,,,,,,,,,,,,,,,,,,,,,,,,,,,,,,,,,,,,,,,,,,,,,,,,,,,,,,,,,,,,,,,,,,,,,,,,,,,,,,,,,,,,,,,,,,,,,,,,,,,,,,,,,,,,,,,los angeles,,,
46,,charlotte,,,,,,,chicago,orlando,,,,,,chicago,boston,orlando,atlanta,,,,,,miami,toronto,,,,,,,,san antonio,charlotte,orlando,atlanta,,,,,chicago,memphis,houston,,,,,,,,,charlotte,,,,,,,,san antonio,,,,,,charlotte,,,,,chicago,,,,,charlotte,milwaukee,charlotte,san antonio,minneapolis,detroit,chicago,,,,san antonio,toronto,,,,,,,,charlotte,,,,,,chicago,boston,chicago,indianapolis,san antonio,,,,,,,charlotte,milwaukee,indianapolis,,,,,,chicago,orlando,,,,,,,,,chicago,,,,,,,san antonio,charlotte,san antonio,,,,,,,,chicago,phoenix,toronto,,,,,charlotte,orlando,atlanta,orlando,atlanta,indianapolis,,,,san antonio,atlanta,detroit,atlanta,indianapolis,san antonio,,,,chicago,toronto,,,
47,,,,,,,,,phoenix,,,,,,,,,phoenix,denver,phoenix,los angeles,phoenix,,,,,,,,,,,phoenix,,,,,,,,,,,,,phoenix,,,,,,,phoenix,,,,,salt lake city,phoenix,denver,phoenix,denver,,,,,,,,,,,,phoenix,phoenix,,,,,,,,,,,,,,phoenix,los angeles,salt lake city,denver,,,,,,,,,,,,,,,,,,phoenix,,,,,,,,,,,,,,,,,,,,,,,,,,,,,,,,,,,,,,,,,,,,phoenix,,,,,,,,,,,,phoenix,,,,,,phoenix,,,,,
48,,,,,,,,,,,,,,,,,,,,,,,,,,,,,,,,,,,,,,,,,,,,,,,,,,,,,san antonio,,,,,,,,,,,,,,,,,,,,,,,,,,,,,,,,,,,,,,,,,,,,,,,,,,,,,,,,,,,,,,,,,,chicago,,,,,,,,,,,,,,,,san antonio,,,,,,,,,chicago,,,,,,,,,,,,,,,,,,,,,,,,,,,,,,,,chicago,
49,,,,,,,,,,,,,,,,,,,,,,,,,,,,,,,,,,,,,,,philadelphia,,,,,,,,,,,,,,,,,,,,,,,,,,,,,,,,,,,,,,,,,,,,,,,,,,,,,,,,,,,,,,,,,,,,,,,,,,,,,,,,,,,,,,,,,,,,,,,,,,,,,,,,,,,,,,,,,,,,,,,,,,,,,,,,,,,,,,,,,los angeles,los angeles
50,,,,,,,,,milwaukee,,,,,milwaukee,,,,,,,,,,,,,,,,milwaukee,,,,,,,milwaukee,,,,,,,,,,,,,,,,milwaukee,,,,,washington,,,,,,,,,,,,,,,,,,,,,,,,,,milwaukee,,,,,,,,,dallas,,,,,,,,,,,dallas,,,,,,,,,,,,,,,,,,,,,,,,,,,,,,,,,,,,,,,,,,,,,,,,,,,,,,,,,,,,milwaukee,,,,,,,,dallas,,,,,
51,oakland,houston,,,,,salt lake city,denver,houston,oklahoma city,,,,,oklahoma city,phoenix,,,,,oakland,,,,,oakland,,,,,,,dallas,,,,,,oklahoma city,oklahoma city,,,,,sacramento,phoenix,sacramento,,,,,,phoenix,dallas,,,,,,sacramento,phoenix,dallas,new york,brooklyn,chicago,,,,,,oakland,,,,,,oklahoma city,,,,,,oklahoma city,,,,,portland,oklahoma city,denver,san antonio,milwaukee,boston,washington,,,,salt lake city,oklahoma city,chicago,oklahoma city,dallas,portland,,,,,oakland,salt lake city,oakland,,,,,,phoenix,,,,,dallas,,,,,,,,oakland,,,,,,dallas,houston,phoenix,dallas,oklahoma city,salt lake city,,,,oakland,portland,oakland,,,,,,oklahoma city,,,,,sacramento,,,,,dallas,oklahoma city,,,,,,oakland,dallas,,,,,,dallas,new york
52,,,,los angeles,portland,,,,,,,,,,,,,,,los angeles,salt lake city,,,,,,los angeles,los angeles,,,,,,,,,,,los angeles,,,,,,,los angeles,,,,,,,,los angeles,,,,,,,,,los angeles,,,,,,portland,,,,,,los angeles,,,,,,portland,,,,,los angeles,,,,,,,,,los angeles,,,,,,,salt lake city,,,,,,,,,,,portland,sacramento,portland,,,,,,,,,,,,,,,,,,los angeles,,,,,,,los angeles,,,,,,,,,,,los angeles,salt lake city,houston,san antonio,minneapolis,san antonio,,,,,,,,,los angeles,los angeles,los angeles,phoenix,,,,,,portland,,,
53,,,,,,,,,,,,,,,,,,,,,,,,,,,,,,,,,,,,,,,,,,,,,,,,,,,,,,,,,,,,,,,,,,,,,,,,,,,,,,,,,,,,,,,,,,,,,,,,,,,,,,,,,,,,,,,,,,,,,,,,,,,,,,,,,,,,,new orleans,,,,,,,,,,,,,,,,,,,,,,,,,,,,,,,,,,,,,,,,,,,new orleans,
54,,,,,,,,,,,,,,,,,,,,,,,,,,,,,,,,,,,,,,,,,,,,,,,,,,,,,,,,,,,,,,,,,,,,,,,,,,,,,,,,,,,,,,,,,,,,,,,,,,,,,,,,,,,,,,,,,,,,,,,,,,,,,,,,,,,,,,,san antonio,,,,,,,,,,,,,,,,,,,,,,,,,,,,,,,,,,,,,,,,,,
55,,,,,,,,,,,,,,,,,,,,,,,,,,,,,,,,,,,,,,,,,,,,,,,,,,,,,,,,,,,,,,,,,,,,,,,,,,,,,,,,,,,,,,,,,,,,,,,,,,,,,,,,,,,,,,,,,,,,,,,,,,,,,,,,,,,,,,,,,,,,,,,,,,,,,,,,,,,,,,,,,,,,,,,,,,,,,,,,,
56,,,,,,,,,,,,,,,,,,,,,,,,,,,,,,,,,,,,,,,,,,,,,,,,,,,,,,,,,,,,,,,,,,,,,,,,,,,,,,,,,,,,,,,,,,,,,,,,,,,,,,,,,,,,,,,,,,,,,,,,,,,,,,,,,,,,,,,,,,,,,,,,,,,,,,,,,,,,,,,,,,,,,,,,,,,,,,,,,
57,,,,,,,,,houston,,,,,,,,,,,,,,,,,,,,,,,milwaukee,houston,,,,,,atlanta,,,,,,,,,,,,,,,,,chicago,,,,,,,,,houston,,,,,,,,,,,,,,,,,,,,,,,,,,,,,,,,,,,,,,,,,,,,,,,,,,,,houston,atlanta,indianapolis,atlanta,cleveland,atlanta,,,,,,,,,,,houston,,,,,,,,,,,,,,,,,,,,,,,,,,,,,,,,,,,,,,,,,houston,,,
58,,,,,miami,,,,,,,miami,,,,,,,,,,,miami,,,,,,,,,washington,,,,,philadelphia,,,,,,miami,,,,,,,miami,atlanta,,,,,,,memphis,waiting,memphis,memphis,washington,detroit,,,,,,,,,miami,,,,,,,,,,,,,philadelphia,memphis,,,,,,,memphis,,,,,memphis,waiting,memphis,,,,,,,,,,,,,memphis,,,,,,,,,,,,,,,,,,miami,,,,,,,,,,memphis,,,,,memphis,,,,,,,,,,memphis,,,,,,miami,memphis,,,,,new york,,,,,,memphis,,,
59,,new york,,,,,,,atlanta,detroit,charlotte,philadelphia,,,,,philadelphia,washington,charlotte,milwaukee,,,,,philadelphia,miami,detroit,miami,,,,,,miami,atlanta,miami,philadelphia,,,,,,detroit,charlotte,,,,,new york,miami,atlanta,,,,,,,cleveland,,,,,,,portland,los angeles,brooklyn,miami,brooklyn,,,,,miami,atlanta,miami,,,,,cleveland,philadelphia,chicago,detroit,philadelphia,washington,miami,,,,,philadelphia,detroit,denver,detroit,charlotte,,,,,,cleveland,,,,,miami,,,,,brooklyn,charlotte,milwaukee,atlanta,philadelphia,boston,,,,cleveland,,,,,,,,cleveland,atlanta,atlanta,,,,miami,,,,,miami,philadelphia,charlotte,,,,miami,,,,,,,miami,san antonio,charlotte,,,,memphis,,,,,detroit,atlanta,houston,,,,detroit,,,,,,cleveland,charlotte
60,,charlotte,,,,,,,chicago,orlando,,,,,,,,,,,,,miami,phoenix,atlanta,chicago,,,,,,boston,orlando,orlando,detroit,orlando,atlanta,,,,,,,,,charlotte,,,,,,,charlotte,,,,,,,,san antonio,waiting,san antonio,atlanta,charlotte,,,,,,,chicago,,,,,charlotte,milwaukee,charlotte,san antonio,memphis,san antonio,atlanta,,,,,,,,,,,,,chicago,,,,,,chicago,boston,chicago,boston,detroit,boston,,,,,,,,,,,,chicago,,,,,,,,,,,,,,miami,toronto,atlanta,indianapolis,boston,san antonio,,,,chicago,,,,,,chicago,miami,indianapolis,san antonio,dallas,milwaukee,,,,,,,boston,orlando,charlotte,oklahoma city,houston,boston,,,,,miami,,,,,,miami,atlanta
61,,,,minneapolis,los angeles,cleveland,toronto,,,,,cleveland,,,,,,,,,,,cleveland,,,,,chicago,,,,,,,milwaukee,washington,cleveland,,,,,,,minneapolis,,,,,minneapolis,,,,,chicago,new york,indianapolis,,,,,,cleveland,detroit,indianapolis,philadelphia,,,,,,new york,orlando,,,,,,,chicago,,,,,,,,,philadelphia,orlando,new york,brooklyn,indianapolis,,,,,,washington,,,,,,minneapolis,,,,,,cleveland,toronto,washington,cleveland,milwaukee,,,,,cleveland,,,,,,,,,,,new york,cleveland,,,,,,,,chicago,,,,,chicago,minneapolis,minneapolis,,,,,,,,cleveland,minneapolis,cleveland,,,,,,cleveland,,,,,,new york,,,,,,detroit,,,
62,,,,,dallas,oklahoma city,dallas,,,,,,,,,oakland,,,,,,,,oakland,salt lake city,oakland,,,,,,,dallas,,,,,,oakland,oakland,,,,,,oklahoma city,,,,,,,,,,dallas,,,,,,,oklahoma city,,,,,,oklahoma city,,,,,,,,phoenix,sacramento,phoenix,oakland,portland,portland,oklahoma city,,,,,portland,salt lake city,denver,houston,,,,,,,,,salt lake city,oklahoma city,dallas,portland,oklahoma city,,,,,,phoenix,,,,,,sacramento,salt lake city,sacramento,,,,,,,,,,,,oklahoma city,oklahoma city,,,,,,,,,,oakland,phoenix,portland,houston,minneapolis,dallas,,,,,,,,dallas,,,,,oakland,oakland,portland,,,,,,oakland,salt lake city,oklahoma city,dallas,,,,,,salt lake city,denver
63,,,,,,,,,,,,,,,,,,,,,,,,,,,,,,,,,,,,,,,,,,,,,,,,,,,,,,,,,,,,,,,,,,,,,,,,,,,,,,,,,,,,,,,,,,,,,,,,,,,,,,,,,,,,,,,,,,,,,,,,,,,,,,,,,,,,,,,,,,,,,,,,,,,,,,,,,,,,,,,,,,,,,,,,,,,,,,,,,
64,,,,,,,,,,,,,,,,,,,,,,,,,,,,,,,,,,,,,,,,,,,,,,,,,,,,,,,,,,,,,,,,,,,,,,,,,,,,,,,,,,,,,,,,,,,,,,,,,,,,,,,,,,,,,,,,,,,,,,,,,,,,,,,,,,,,,,,,,,,,,,,,,,,,,,,,,,,,,,,,,,,,,,,,,,,,,,,,,
65,,,,,,,,,,,,,,,,,,,,,,,,,,,,,,,,,,,,,,,,,,,,,,,,,,,,,,,,,,,,,,,,,,,,,,,,,,,,,,,,,,,,,,,,,,,,,,,,,,,,,,,,,,,,,,,,,,,,,,,,,,,,,,,,,,,,,,,,,,,,,,,,,,,,,,,,,,,,,,,,,,,,,,,,,,,,,,,,,
66,,indianapolis,washington,brooklyn,indianapolis,,,,,,toronto,miami,brooklyn,,,,,brooklyn,,,,,indianapolis,,,,,washington,,,,,brooklyn,washington,,,,,brooklyn,,,,,brooklyn,toronto,boston,washington,,,,,,orlando,cleveland,toronto,boston,,,,,,brooklyn,,,,,toronto,washington,indianapolis,,,,,washington,washington,orlando,indianapolis,toronto,washington,,,,,,toronto,boston,,,,,,,,indianapolis,boston,indianapolis,indianapolis,cleveland,dallas,brooklyn,,,,,,brooklyn,washington,orlando,miami,orlando,boston,,,,,brooklyn,,,,,toronto,,,,,,,,brooklyn,toronto,washington,toronto,brooklyn,,,,,,washington,brooklyn,toronto,washington,,,,,washington,,,,,,,washington,,,,,,,,toronto,chicago,miami,,,,brooklyn,,,,,,toronto,,,
67,,,,,,,,,,,,,,,,,,,,,,,,,,,,,,,,,,,,,,,,,,,,,,,,,,,,,,,,,,,,,,,,,,,,,,,,,,,,,,,,,,,,,,,,,,,,,,,,,,,,,,,,,,,,,,,,,,,,,,,,,,,,,,,,,,,,,,,,,,,,,,,,,,,,,,,,,,,,,,,,,,,,,,,,,,,,,,oakland,,,
68,,,,,,,,,,,,,,,,,,,,,,,,,,,,,,,,,,,,,,,,,,,,,,,,,,,,,,,,,,,,,,,,,,,,,,,,,,,,,,,,,,,,,,,,,,,,,,,,,,,,,,,,,,,,,,,,,,,,,,,,,,,,,,,,,,,,,,,,,,,,,,,,,,,,,,,,,,,,,,,,,,,,,,,,,,,,,,,,,
69,,,,,,,,,,,,,,,,,,,,,,,,,,,,,,,,,,,,,,,,,,,,,,,,,,,,,,,,,,,,,,,,,,,,,,,,,,,,,,,,,,,,,,,,,,,,,,,,,,,,,,,,,,,,,,,,,,,,,,,,,,,,,,,,,,,,,,,,,,,,,,,,,,,,,,,,,,,,,,,,,,,,,,,,,,,,,,,,,
70,,,,,,,oakland,,,,,san antonio,,,,,,oakland,san antonio,san antonio,denver,portland,atlanta,oakland,,,,,,los angeles,los angeles,memphis,chicago,minneapolis,memphis,,,,,,,,,new orleans,,,,,,,new orleans,,,,,,,new orleans,,,,,oakland,,,,,,oakland,,,,,,,,new orleans,,,,,,,,oakland,salt lake city,denver,minneapolis,minneapolis,,,,,,,,,,,,,,,san antonio,,,,,,,,new orleans,memphis,salt lake city,oklahoma city,dallas,new york,,,,minneapolis,,,,,,,,,,oakland,,,,,,,,,,,los angeles,portland,memphis,waiting,memphis,salt lake city,,,,new orleans,new orleans,,,,,,,,new orleans,,,,,,,oakland,minneapolis,,,,,,los angeles,,,
71,,,,,,,,,,,,,,,,,,,,,,,,,,,,,,,,,,,,,,,,,,,,,,,,,,,,,,,,,,,,,,,,,,,,,,,,,,,,,,,,,,,,,,,,,,,,,,,,,,,,,,,,,,,,,,,,,,,,,,,,,,,,,,,,,,,,,,,,,,,,,,,,,,,,,,,,,,,,,,,,,,,,,,,,,,,,,,,,,
72,,,,,,,,,,,,,,,,,,,,,,,,,,,,,,,,,,,,,,,,,,,,,,,,,,,,,,,,,,,,,,,,,,,,,,,,,,,,,,,,,,,,,,,,,,,,,,,,,,,,,,,,,,,,,,,,,,,,,,,,,,,,,,,,,,,,,,,,,,,,,,,,,,,,,,,,,,,,,,,,,,,,,,,,,,,,,,,,,
73,oakland,houston,,,,,portland,,,,,,oklahoma city,chicago,oklahoma city,,,,,,oakland,,,,,dallas,new york,washington,oakland,dallas,houston,minneapolis,,,,,dallas,,,,,oakland,phoenix,minneapolis,,,,,,phoenix,minneapolis,,,,,oklahoma city,,,,,oklahoma city,dallas,new york,denver,chicago,,,,,,oakland,,,,,,oklahoma city,,,,,,,dallas,oklahoma city,dallas,,,,,sacramento,,,,,,,salt lake city,oklahoma city,chicago,,,,,,,,oakland,salt lake city,san antonio,,,,,oklahoma city,dallas,new york,oakland,houston,oakland,,,,,,,,,oakland,,,,,,dallas,houston,phoenix,denver,chicago,phoenix,,,,oakland,portland,minneapolis,houston,dallas,oklahoma city,,,,,oklahoma city,waiting,oklahoma city,,,,,,,salt lake city,houston,minneapolis,houston,oklahoma city,dallas,,,,oklahoma city,,,,,
74,,sacramento,,,,,,,sacramento,,,,,,,,,,,,,,sacramento,,,,,sacramento,,,,,,,sacramento,,,,,,sacramento,,,,,,,,,salt lake city,los angeles,salt lake city,,,,,,sacramento,,,,,,,sacramento,,,,,,,,sacramento,,,,,,,,,sacramento,,,,,sacramento,salt lake city,sacramento,,,,,,,,,,,,,,,,,,sacramento,,,,,sacramento,,,,,,,,,,,,,,,,,,,,,,,sacramento,,,,,sacramento,,,,,,,,,,,,,,,sacramento,,,,,,,,,,,,,,sacramento,los angeles,sacramento,salt lake city,,,,,
75,,,,toronto,washington,,,,,,,,,,toronto,brooklyn,,,,,indianapolis,charlotte,orlando,,,,,,,washington,,,,,,,dallas,,,,,,,,,brooklyn,,,,,brooklyn,,,,,,,washington,orlando,boston,,,,,toronto,,,,,,,brooklyn,,,,,,,brooklyn,,,,,,,brooklyn,,,,,,,,,,toronto,,,,,,brooklyn,,,,,washington,toronto,,,,,,,,,,,,,,,,,,,,,,,,,,,brooklyn,,,,,,,brooklyn,,,,,brooklyn,,,,,,,,,,,toronto,washington,toronto,,,,,,brooklyn,,,,,,washington,,,,,brooklyn
76,,,,,,,,,,,,,,,,,,,,,,,,,,sacramento,los angeles,oklahoma city,denver,milwaukee,waiting,milwaukee,,,,,,,denver,,,,,,,,,,,,,,,,,,,oakland,,,,,,,,,,,,,,,,,,,,,,,,,,,,,,,,,,,,,,denver,,,,,,,,,,,,,denver,san antonio,,,,,,,,,denver,memphis,denver,,,,,,,,,,,,,,,,,,,,,,,,,,,,,,,,,,,,,,,,,,,,,,,,,,,denver,,,,,
77,,,,los angeles,portland,,,,,,,,,,,los angeles,,,,,los angeles,portland,los angeles,portland,salt lake city,san antonio,houston,,,,,,,,,,salt lake city,,,,,,,los angeles,los angeles,san antonio,houston,los angeles,,,,,,portland,,,,,,portland,,,,,portland,los angeles,san antonio,houston,los angeles,,,,,los angeles,portland,portland,,,,,los angeles,,,,,portland,,,,,,,los angeles,,,,,,,,los angeles,houston,,,,,,,,salt lake city,,,,,,,,,,,los angeles,,,,,,,,,,,,los angeles,,,,,,los angeles,salt lake city,minneapolis,detroit,,,,,los angeles,los angeles,,,,,los angeles,san antonio,atlanta,philadelphia,,,,,,los angeles,phoenix,,,,,,,portland,los angeles,houston,,,,,
78,boston,detroit,,,,,,new orleans,toronto,,,,,indianapolis,,,,,indianapolis,,,,,,orlando,miami,,,,,,boston,boston,orlando,detroit,,,,,,,new orleans,,,,,,san antonio,minneapolis,indianapolis,toronto,boston,detroit,dallas,,,,cleveland,orlando,boston,orlando,cleveland,san antonio,,,,boston,philadelphia,detroit,,,,,orlando,,,,,cleveland,,,,,,miami,,,,,orlando,,,,,orlando,philadelphia,san antonio,milwaukee,,,,,new orleans,houston,boston,detroit,minneapolis,detroit,,,,new orleans,,,,,indianapolis,,,,,,,,,,,,,indianapolis,cleveland,,,,,orlando,boston,philadelphia,boston,,,,,orlando,new york,detroit,,,,,houston,boston,detroit,boston,milwaukee,cleveland,,,,indianapolis,,,,,,indianapolis,new orleans,boston,,,,,,indianapolis,,,
79,,,,,,,,,cleveland,,,,,minneapolis,cleveland,,,,,,,,indianapolis,,,,,,,minneapolis,,,,,,,chicago,,,,,,,,,philadelphia,minneapolis,,,,,,brooklyn,indianapolis,,,,,,cleveland,,,,,minneapolis,,,,,,,,,,,,,,,,,,,,,,,,,,,,,,,,,brooklyn,,,,,,,,,,,,minneapolis,,,,,,,,,minneapolis,,,,,,,,,,,,,,minneapolis,,,,,,,,,,,,,,,philadelphia,washington,toronto,philadelphia,,,,,chicago,,,,,,,,new orleans,,,,,,washington,,,,,,washington,charlotte
80,,,,,,,,,,,,,,,,,,,,,,,,,,,,,,,,,,,,,,,,,,,,,,,,,brooklyn,,,,,,,,,,,,,brooklyn,,,,,,,brooklyn,,,,,,,,,,,,,,,,,,,,,,,,,,,,,,,,,,,,,,,,,,,,,,,brooklyn,,,,,,,,,,,,,,,,,,,,,,,,,,,,,,,,,,,,,,,,,,,,,,,,,,,,,,brooklyn,,,,,,,
81,,phoenix,,,,,portland,,,,,,,,,los angeles,portland,salt lake city,denver,phoenix,salt lake city,phoenix,,,,,,,,phoenix,,,,,,,houston,,,,,,,los angeles,los angeles,san antonio,houston,los angeles,,,,,,portland,,,,,,,,,los angeles,,,,,,portland,,,,,phoenix,salt lake city,,,,,,portland,portland,los angeles,portland,los angeles,houston,,,,,,,los angeles,,,,,los angeles,phoenix,philadelphia,los angeles,houston,,,,,portland,,,,,phoenix,philadelphia,chicago,boston,detroit,houston,,,,los angeles,,,,,,,,,,salt lake city,,,,,,los angeles,phoenix,,,,,,,,,los angeles,los angeles,houston,salt lake city,houston,denver,,,,,,,,,,los angeles,phoenix,,,,,,,phoenix,los angeles,indianapolis,chicago,minneapolis,,,
82,,,,,,,,,,,,,,,,,,,,,,,,,,,,,,,,,,,,,,,,,,,,,,,,,,,,,,,,,,,,,,,,,,,,,,,,,,,,,,,,,,,,,,,,,,,,,,,,,,,,,,,,,,,,,,,,,,,,,,,,,,,,,,,,,,,,,,,,,,,,,,,,,,,,,,,,,,,,,,,,,,,,,,,,,,,,,,,,,
83,,,,minneapolis,,,,,,,minneapolis,cleveland,,,,,,chicago,philadelphia,washington,detroit,,,,,,,chicago,,,,,,,,,chicago,,,,,,,,,,minneapolis,,,,,,cleveland,cleveland,toronto,philadelphia,,,,,,,,,minneapolis,,,,,,,,,,,,,,chicago,,,,,,,,,minneapolis,minneapolis,washington,,,,,minneapolis,houston,minneapolis,cleveland,,,,,,minneapolis,,,,,,minneapolis,,,,,,,chicago,,,,,,,,,,,,,,,,detroit,,,,,,,,,atlanta,,,,,,,,,,,,,,chicago,,,,,,minneapolis,,,,,,,,,,indianapolis,milwaukee,cleveland,,,
84,,,,,,,,,,,houston,milwaukee,,,,,,,,,,,,,,,,,,,,,,,,,houston,,,,,,,,,,,,,,,,,,,,,,,,,,,,,,,,boston,,,,,,,,,,boston,,,,,,,,,,,,,,,,,,,,,boston,,,,,,,,,,,,,,,boston,detroit,milwaukee,,,,,,,,,,,,,,,,,,,,,,,,,,,,,,,,,,,,,,,,,,,,,,,,,,,,,,,,,milwaukee,,,
85,,,,,,,,,,,,,,,,,,,,,,,,,,,,,,,,,,,,,,,,,,,,,,,,,,,,,,,,,,,,,,,,,,,,,,,,,,,,,,,,,,,,,,,,,,,,,,,,,,,,,,,,,,,,,,,,,,,,,,,,,,,,,,,,,,,,,,,,,,,,,,,,,,,,,,,,,,,,,,,,,,,,,,,,,,,,,,,,,
86,,,,,,,,,,,,,,,,,,,,,,,,,,,,,,,,,,,,,,,,,,,,,,,,,,,,,,,,,,,,,,,,,,,,,,,,,,,,,,,,,,,,,,,,,,,,,,,,,,,,,,,,,,,,,,,,,,,,,,,,,,,,,,,,,,,,,,,,,,,,,,,,,,,,,,,,,,,,,,,,,,,,,,,,,,,,,,,,,
87,,phoenix,,,,,los angeles,denver,atlanta,,,,,denver,cleveland,phoenix,cleveland,phoenix,chicago,brooklyn,,,,,,,denver,minneapolis,cleveland,boston,,,,,new orleans,,,,,,,cleveland,,,,,cleveland,,,,,,cleveland,atlanta,detroit,boston,,,,,oklahoma city,denver,minneapolis,atlanta,orlando,,,,,,salt lake city,detroit,oakland,minneapolis,los angeles,los angeles,,,,,cleveland,cleveland,atlanta,detroit,cleveland,boston,,,,,,,,denver,detroit,detroit,,,,,,,,los angeles,los angeles,cleveland,boston,,,,,phoenix,cleveland,,,,,,oklahoma city,,,,,,,,,,cleveland,atlanta,atlanta,,,,,oklahoma city,los angeles,cleveland,cleveland,,,,,los angeles,los angeles,san antonio,,,,,,oklahoma city,los angeles,cleveland,,,,,,,,cleveland,,,,,,phoenix,oklahoma city,denver,,,,new york,,,
88,,toronto,washington,brooklyn,indianapolis,cleveland,boston,,,,,,brooklyn,,,,,brooklyn,,,,,orlando,,,,,toronto,,,,,brooklyn,,,,,,brooklyn,,,,,brooklyn,toronto,boston,washington,,,,,,orlando,,,,,indianapolis,,,,,,brooklyn,toronto,,,,,,,brooklyn,,,,,,toronto,washington,,,,,,toronto,washington,,,,,brooklyn,indianapolis,boston,indianapolis,boston,indianapolis,indianapolis,,,,,brooklyn,,,,,washington,orlando,miami,orlando,boston,detroit,,,,washington,boston,dallas,cleveland,new orleans,indianapolis,,,,,,,,brooklyn,toronto,washington,toronto,brooklyn,,,,,,washington,brooklyn,toronto,washington,,,,,brooklyn,,,,,,,toronto,,,,,,toronto,,,,,,brooklyn,,,,,,washington,,,,,brooklyn
89,,,,,,,,,,,,,,,,,,,,,,,,,,,,,,,,,,,,,,,,,,,,,,,,,,,,,,,,,,,,,,,,,,,,,,,,,,,,,,,,,,,,,,,,,,,,,,,,,,,,,,,,,,,,,,,,,,,,,,,,,,,,,,,,,,,,,,,,,,,,,,,,,,,,,,,,,,,,,,,,,,,,,,,,,,,,,,,,,
90,,,,,,,,,,,,,,,,,,,,,,,,,,,,,,,,,,,,,,,,,,,,,,,,,,,,,,,,phoenix,,,,,,,,,,,,,,,,,,,,,,,,,,,,,,,,,,,,,,,,,,,,,,,,,,,,,,,,,,,,,,,,,,,,,,,,,,,,,,,,,,,,,,,,,,,,,,,,,,,,,,,,,,,,,,,,,,,,,,,,,
91,,,,,,,,,,,,,,,,,,,,,,,,,,,,,,,,,,,,,,,,,,,,,,,,,,,,,,,,,,,,,,,,,,,,,,,,,,,,,,,,,,,,,,,,,,,,,,,,,,,,,,,,,,,,,,,,,,,,,,,,,,,,,,,,,,,,,,,,,,,,,,,,,,,,,,,,,,,,,,,,,,,,,,,,,,,,,,,,,
92,,,,,,,,,,,,,,,,,,,,,,,,,,,,,,,,,,,,,,,,,,,,,,,,,,,,,,,,,,,,,,,,,,,,,,,,,,,,,,,,,,,,,,,,,,,,,,,,,,,,,,,,,,,,,,,,,,,,,,,,,,,,,,,,,,,,,,,,,,,,,,,,,,,,,,,,,,,,,,,,,,,,,,,,,,,,,,sacramento,,,
93,,,,memphis,,,,,miami,,,,,miami,memphis,,,,,,,,atlanta,,,,,,,,,philadelphia,charlotte,,,,,,detroit,minneapolis,detroit,,,,,philadelphia,,,,,memphis,,,,,,,philadelphia,,,,,,,,,,,,,new york,atlanta,houston,charlotte,milwaukee,,,,,,miami,,,,,,,philadelphia,miami,atlanta,,,,,,,,new york,,,,,,new york,memphis,,,,,miami,,,,,,,memphis,,,,,,,,,,,,,memphis,,,,,miami,,,,,miami,memphis,,,,,miami,,,,,,,,,,new york,washington,cleveland,atlanta,,,,,miami,,,,,,detroit,,,,,,cleveland,memphis
94,,,,,,,,,,,,,,,,,,,,,,,,,,,,,,,,,,,,,,,,,,,,,,,,,,,,,,,,,,,,,,,,,,,,,,,,,,,,,,,,,,,,,,,,,,,,,,,,,,,,,,,,,,,,,,,,,,,,,,,,,,,,,,,,,,,,,,,,,,,,,,,,,,,,,,,,,,,,,,,,,,,,,,,,,,,,,,,,,
95,,,,,,,,,,,,,,,,,,,,,,,,,,,,,,,,,,,,,,,,,,,,,,,,,,,,,,,,,,,,,,,,,,,,,,,,,,,,,,,,,,,,,,,,,,,,,,,,,,,,,,,,,,,,,,,,,,,,,,,,,,,,,,,,,,,,,,,,,,,,,,,,,,,,,,,,,,,,,,,,,,,,,,,,,,,,,,,,,
96,,,,,,,,,,,,,,,,,,,,,,,,,,,,,,,,,,,,,,,,,,,,,,,,,,,,,,,,,,,,,,,,,,,,,,,,,,,,,,,,,,,,,,,,,,,,,,,,,,,,,,,,,,,,,,,,,,,,,,,,,,,,,,,,,,,,,,,,,,,,,,,,,,,,,,,,,,,,,,,,,,,,,,,,,,,,,,,,,
97,,san antonio,,,,,,,san antonio,,,,,chicago,boston,chicago,boston,chicago,indianapolis,,,,,,orlando,san antonio,,,,,,boston,boston,,,,,,detroit,dallas,portland,charlotte,,,,,,san antonio,atlanta,,,,,,san antonio,milwaukee,san antonio,charlotte,san antonio,charlotte,charlotte,,,,,,charlotte,,,,,,,,,,,,,,chicago,,,,,,,,,,,,,,,,,,,boston,,,,,,,,,,,,,,,,,,,,,chicago,orlando,,,,,,,,,,,chicago,,,,,,,,,chicago,,,,,,,,,,san antonio,detroit,boston,atlanta,orlando,atlanta,,,,,,,san antonio,oklahoma city,indianapolis,atlanta,indianapolis,,,,,,boston,,,
98,,los angeles,portland,salt lake city,denver,denver,milwaukee,detroit,,,,,los angeles,san antonio,houston,minneapolis,cleveland,dallas,,,,,salt lake city,portland,salt lake city,los angeles,portland,los angeles,,,,,phoenix,,,,,,los angeles,,,,,portland,waiting,portland,,,,,los angeles,portland,detroit,los angeles,,,,,,portland,,,,,salt lake city,,,,,,salt lake city,san antonio,salt lake city,minneapolis,phoenix,los angeles,,,,,los angeles,,,,,portland,,,,,los angeles,los angeles,portland,waiting,portland,houston,,,,salt lake city,phoenix,houston,,,,,portland,los angeles,denver,detroit,,,,,,,,,,,portland,,,,,,,,los angeles,oklahoma city,chicago,new york,charlotte,new york,,,,salt lake city,los angeles,phoenix,,,,los angeles,los angeles,san antonio,,,,,los angeles,salt lake city,sacramento,,,,,,portland,los angeles,salt lake city,,,,salt lake city,minneapolis,san antonio,,,,,phoenix,,,,,portland
99,,new york,,,,,,,atlanta,,,,,philadelphia,charlotte,,,,,,new york,charlotte,memphis,,,,,miami,,,,,,,atlanta,,,,,,atlanta,charlotte,,,,,,miami,atlanta,,,,,memphis,,,,,,cleveland,,,,,philadelphia,miami,new york,washington,detroit,,,,,miami,atlanta,miami,,,,,miami,,,,,memphis,,,,,,atlanta,houston,charlotte,,,,,,miami,,,,,,,miami,,,,,,new york,brooklyn,atlanta,philadelphia,atlanta,philadelphia,detroit,,,,,,,,,,philadelphia,charlotte,philadelphia,,,,,,,miami,detroit,,,,,miami,atlanta,philadelphia,washington,,,,,,,,,philadelphia,charlotte,new york,charlotte,milwaukee,memphis,,,,,new york,,,,,,,,detroit,,,
100,,,,,,,,,,,,,,,,,,,,,,,,,,,,,,,,,,,,,,,,,,,,,,,,,,,,,,,,,,,,,,,,,,,,,,,,,,,,,,,,,,,,,,,,,,,,,,,,,,,,,,,,,,,,,,,,,,,,,,,,,,,,,,,,,,,,,,,,,,,,,,,,,,,,,,,,,,,,,,,,,,,,,,,,,,,,,,,,,
101,,,,,,,,,,,,,,,,,,,,,,,,,,,,,,,,,,,,,,,,,,,,,,,,,,,,,,,,,,,,,,,,,,,,,,,,,,,,,,,,,,,,,,,,,,,,,,,,,,,,,,,,,,,,,,,,,,,,,,,,,,,,,,,,,,,,,,,,,,,,,,,,,,,,,,,,,,,,,,,,,,,,,,,,,,,,,,,,,
102,boston,detroit,,,,,boston,new orleans,toronto,,,,,indianapolis,,,,,,,detroit,,,,,new orleans,houston,minneapolis,cleveland,orlando,,,,,indianapolis,new york,charlotte,,,,,new orleans,,,,,cleveland,miami,,,,,detroit,,,,,indianapolis,,,,,houston,denver,orlando,miami,san antonio,,,,,dallas,milwaukee,indianapolis,,,,,boston,,,,,houston,miami,,,,,washington,,,,,orlando,philadelphia,san antonio,milwaukee,,,,,new orleans,houston,,,,,,washington,new york,detroit,indianapolis,oakland,indianapolis,new orleans,,,,new orleans,boston,new orleans,,,,,,,philadelphia,charlotte,philadelphia,,,,,,boston,cleveland,cleveland,san antonio,indianapolis,new orleans,,,,dallas,cleveland,indianapolis,miami,orlando,miami,,,,,philadelphia,charlotte,orlando,,,,,,philadelphia,,,,,,orlando,,,,,,detroit,philadelphia
103,,,,milwaukee,washington,,,,,,,milwaukee,,,,,,dallas,,,,,,,,,,,,washington,,,,,milwaukee,washington,boston,,,,,,,milwaukee,,,,,,,milwaukee,,,,,dallas,,,,,,,,,milwaukee,,,,,,,,,washington,washington,,,,,,milwaukee,milwaukee,minneapolis,boston,oakland,los angeles,,,,,,milwaukee,boston,washington,,,,,,,,milwaukee,,,,,,,,,,,,,,,,,,,,,,,,,,,milwaukee,orlando,milwaukee,,,,,,,,,,,,,,,,,,,,,,,,,,,milwaukee,washington,boston,orlando,milwaukee,,,,,,,,washington,,,,,,washington,milwaukee
104,,,,,,,,,,,,,,,,,,,,,,,,,,,,,,,,,,,,,,,,,,,,,,,,,,,,,,,,,,,,,,,,,,,,,,,,,,,,,,,,,,,,,,,,,,,,,,,,,,memphis,waiting,memphis,waiting,memphis,memphis,oklahoma city,,,,,,,,,,,,,,,,,,,,,,,,,,,,,memphis,denver,charlotte,,,,,,,,,,,,,,,,,,,,,,,,,,,,,,,,,,,,,,,,,,
105,,,,memphis,,,,,cleveland,detroit,charlotte,philadelphia,,,,,philadelphia,washington,charlotte,milwaukee,,,,,philadelphia,chicago,detroit,memphis,,,,,,,memphis,,,,,,memphis,,,,,detroit,detroit,charlotte,,,,,brooklyn,new york,new york,indianapolis,houston,charlotte,,,,,,,,,,miami,,,,,,,memphis,,,,,,miami,,,,,,miami,new york,miami,atlanta,,,,,,atlanta,,,,,,memphis,memphis,,,,,,,cleveland,,,,,,,memphis,,,,,,,,,,,,,new york,charlotte,new york,charlotte,,,,,miami,detroit,,,,,miami,atlanta,philadelphia,,,,,miami,denver,miami,,,,,,memphis,,,,,philadelphia,boston,detroit,,,,,,,,memphis,,,
106,,,,,,,,,,,,,,,,,,,,,,,,,,,,,,,,,,,,,,,toronto,,,,,,,,,,,,toronto,,,,,,,,,,,,,,,,,,,,,,,,,toronto,,,,,,,,,,,,toronto,,,,,,,,toronto,,,,,,,,,,,,,,,,,,,,,,,,,toronto,,,,,,,,,,,,,,,,,,,,,,,,,,,,,,,,,,,,,,,,,toronto,,,,,,toronto,,,,,,,,,
107,,,,,,,,,,,,,,,,,,,,,,,,,,,,,,,,,,,,,,,,,,,,,,,,,,,,,,,,,,,,,,,,,,,,,,,,,,,,,,,,,,,,,,,,,,,,,,,,,,,,,,,,,,,,,,,,,,,,,,,,,,,,,,,,,,,,,,,,,,,,,,,,,,,,,,,,,,,,,,,,,,,,,,,,,,,,,,,,,
108,,san antonio,,,,,salt lake city,,,,,san antonio,,,,,,salt lake city,,,,,memphis,,,,,,,oklahoma city,,,,,,,san antonio,,,,,,,,,miami,,,,,memphis,salt lake city,,,,,,dallas,,,,,,,salt lake city,,,,,,salt lake city,los angeles,salt lake city,,,,,,,,,san antonio,,,,,,salt lake city,salt lake city,,,,,,salt lake city,,,,,miami,,,,,,,,san antonio,charlotte,charlotte,,,,,,,,,,,,,,,,,,,,,salt lake city,,,,,,,salt lake city,,,,,,memphis,,,,,,salt lake city,,,,,,oklahoma city,,,,,,,salt lake city,,,,,,,portland,,,,,,salt lake city,
109,,,,,,,,,,,,,,,,,,,,,,,,,,,,,,,,,,,,,,,,,,,,,,,,,,,,,,,,,,,,,,,,,,,,,,,,,,,,,,,,,,,,,,,,,,,,,,,,,,,,,,,,,,,,,,,,,,,,,,,,,,,,,,,,,,,,,,,,,,,,,,,,,,,,,,,,,,,,,,,,,,,,,,,,,,,,,,,,,
110,,,,,,,,,,,,,,,,,,,,,,,,,,,,,,,,,,,,,,,,,,,,,,,,,,,,,,,,,,,,,,,,,,,,,,,,,,,,,,,,,,,,,,,,,,,,,,,,,,,,,,,,,,,,,,,,,,,,,,,,,,,,,,,,,,,,,,,,,,,,,,,,,,,,,,,,,,,,,,,,,,,,,,,,,,,,,,,,,
111,,,,milwaukee,,,,,milwaukee,,,,,milwaukee,,,,,,,,,,,,dallas,,,,,,washington,,,,,milwaukee,waiting,milwaukee,minneapolis,,,,,,,,dallas,,,,,milwaukee,,,,,dallas,phoenix,denver,detroit,indianapolis,minneapolis,,,,,,,,,,,,,,,,,,milwaukee,milwaukee,minneapolis,boston,,,,,,,,,,,,,,,,,,milwaukee,,,,,,,,,,,,,,,milwaukee,atlanta,detroit,atlanta,indianapolis,atlanta,,,,,,,milwaukee,orlando,miami,denver,detroit,,,,,,,,,,,,,,,dallas,phoenix,denver,washington,washington,,,,,,milwaukee,,,,,,milwaukee,minneapolis,new york,denver,boston,,,,,,milwaukee,,,
112,,,,,,,,,,,,,,,,,,,,,,,,,,,,,,,,,,,,,,,,,,,,,,,,,,,,,,,,,,,,,,,,,,,,,,,,,,,,,,,,,,,,,,,,,,,,,,,,,,,,,,,,,,,,,,,,,,,,,,,,,,,,,,,,,,,,,,,,,,,,,,,,,,,,,,,,,,,,,,,,,,,,,,,,,,,,,,,,,
113,,,,,,,,,,,,,,,,,,,,,,,,,,,,,,,,,,,,,,,,,,,,,,,,,,,,,,,,,,,,,,,,,,,,,,,,,,,,,,,,,,,,,,,,,,,,,,,,,,,,,,,,,,,,,,,,,,,,,,,,,,,,,,,,,,,,,,,,,,,,,,,,,,,,,,,,,,,,,,,,,,,,,,,,,,,,los angeles,,,,,
114,,,,,,,,,,,,,,,,,,,,,,,,,,,,,,,,,,,,,,,,,,,,,,,,,,,,,,,,,,,,,,,,,,,,,,,,,,,,,,,,,,,,,,,,,,,,,,,,,,,,,,,,,,,,,,,,,,,,,,,,,,,,,,,,,,,,,,,,,,,,,,,,,,,,,,,,,,,,,,,,,,,,,,,,,,,,,,,,,
115,,,,toronto,new york,,,,,,,,,,toronto,new york,,,,,,,,,,,,,,toronto,,,,,,,,,toronto,,,,,,,,,,toronto,,,,,,,,,,,,,,,,,,toronto,,,,,,,,,toronto,,,,,,,toronto,portland,,,,,,,,,,toronto,portland,,,,,new york,,,,,,,,,,,toronto,,,,,,,,toronto,,,,,,,,,,,,,,,,,,toronto,,,,,,,,,,,,,,,,,,,,,toronto,,,,,,new york,,,,,,,,,,new york,,,
116,,orlando,philadelphia,orlando,philadelphia,,,,,,,,,,,,,,,,orlando,,,,,,,,,,,,,,,,,,,,,,,,,,,,,,orlando,,,,,,,,,,,,,,,,,,orlando,,,,,orlando,,,,,,,,,,,,,,,,orlando,,,,,,orlando,,,,,,,,,,orlando,,,,,,,,,,,,,,,,,,,,,,,,,,,,,,,,,,,,,,orlando,,,,,,,,,orlando,,,,,,,,,,,,,,,,,,,orlando,,,,,
117,,,,,,,,,,,,,,,,,,,,,,,,,,,,,,,,,,,,,,,,,,,,,,,,,,,,,,,,,,,,,,,,,,,,,,,,,,,,,,,,,,,,,,,,,,,,,,,,,,,,,,,,,,,,,,,,,,,,,,,,,,,,,,,,,,,,,,,,,,,,,,,,,,,,,,,,,,,,,,,,,,,,,,,,,,,,,,,,,
118,,phoenix,,,,,los angeles,,,,,,,,,phoenix,,,,,,,cleveland,,,,,oklahoma city,denver,minneapolis,,,,,,,cleveland,,,,,,,oklahoma city,waiting,oklahoma city,,,,,cleveland,,,,,denver,,,,,,new orleans,,,,,portland,los angeles,cleveland,,,,,denver,salt lake city,,,,,,,,phoenix,new orleans,phoenix,new orleans,,,,,,,,,los angeles,chicago,,,,,,,,oklahoma city,,,,,denver,detroit,,,,,,phoenix,,,,,cleveland,,,,,,,,,oklahoma city,oklahoma city,denver,cleveland,,,,,,,,,phoenix,,,,,,,,,,,,phoenix,,,,,,,,denver,oklahoma city,waiting,oklahoma city,chicago,oklahoma city,,,,,oklahoma city,,,,,
119,,indianapolis,,,,,,,miami,,,,,miami,orlando,,,,,,indianapolis,,,,,,,,,orlando,,,,,indianapolis,,,,,,,,,new orleans,,,,,new orleans,,,,,indianapolis,san antonio,milwaukee,san antonio,philadelphia,san antonio,charlotte,,,,indianapolis,charlotte,,,,,,houston,orlando,,,,,indianapolis,,,,,,,,,,,houston,orlando,new york,san antonio,philadelphia,detroit,,,,,washington,toronto,indianapolis,,,,,,houston,new orleans,,,,,,indianapolis,,,,,,indianapolis,philadelphia,boston,,,,,,,,,indianapolis,new orleans,,,,,,,,,,indianapolis,new orleans,,,,,,indianapolis,washington,boston,detroit,dallas,milwaukee,,,,,,,new orleans,,,,,,,,,,orlando,,,,,,detroit,philadelphia
120,,,,,miami,,,,,,new york,detroit,,,,,atlanta,washington,atlanta,,,,,,atlanta,memphis,,,,,,philadelphia,chicago,washington,charlotte,new york,charlotte,,,,,,miami,,,,,philadelphia,detroit,,,,,memphis,,,,,,philadelphia,charlotte,,,,,,,,,,,miami,,,,,,,,,memphis,,,,,,,new york,,,,,memphis,,,,,atlanta,dallas,brooklyn,washington,cleveland,,,,,,,,miami,,,,,,,,,,,new york,,,,,,,,,memphis,,,,,memphis,,,,,,philadelphia,charlotte,milwaukee,charlotte,milwaukee,atlanta,cleveland,,,,,,,,,memphis,,,,,,miami,chicago,detroit,,,,,,atlanta,philadelphia,charlotte,,,,,memphis
121,,,,,,,,,,,,,,,,,,,,,,,,,miami,new orleans,,,,,,new orleans,new orleans,,,,,,new york,,,,,,,miami,new york,,,,,,new orleans,,,,,,,philadelphia,,,,,,,los angeles,oakland,indianapolis,,,,,,,,new orleans,,,,,,,,,,,,,,,,,,,,,philadelphia,,,,,,,,los angeles,new york,toronto,new york,washington,new york,washington,,,,new orleans,,,,,,,,,,,,,,,,,memphis,toronto,atlanta,indianapolis,atlanta,indianapolis,,,,,,new orleans,,,,,,,,,,,,,,,,,,new orleans,,,,,,,,new orleans,,,,,,new orleans,
122,,,,,,,,,,,,,,,,,,,,brooklyn,,,,,,,,,,brooklyn,,,,,,,,,indianapolis,washington,brooklyn,,,,,brooklyn,,,,,brooklyn,,,,,,,,,brooklyn,,,,,,,brooklyn,,,,,,,,,,,,brooklyn,,,,,,,brooklyn,,,,,,,,,,,,brooklyn,,,,,,,,brooklyn,,,,,,brooklyn,,,,,,,,,,,,,,,,,,,,,,,brooklyn,,,,,,,brooklyn,,,,,,,,,,,,,,,,,,,,,,,,,,brooklyn,,,,,,,,,
