AWAY,HOME,DATE,DAY,CHANNEL
Philadelphia 76ers,Boston Celtics,10/16,1,TNT
Oklahoma City Thunder,Golden State Warriors,10/16,1,TNT
Milwaukee Bucks,Charlotte Hornets,10/17,2,X
Brooklyn Nets,Detroit Pistons,10/17,2,X
Memphis Grizzlies,Indiana Pacers,10/17,2,X
Miami Heat,Orlando Magic,10/17,2,X
Atlanta Hawks,New York Knicks,10/17,2,X
Cleveland Cavaliers,Toronto Raptors,10/17,2,X
New Orleans Pelicans,Houston Rockets,10/17,2,ESPN
Minnesota Timberwolves,San Antonio Spurs,10/17,2,X
Utah Jazz,Sacramento Kings,10/17,2,X
Denver Nuggets,Los Angeles Clippers,10/17,2,X
Dallas Mavericks,Phoenix Suns,10/17,2,ESPN
Chicago Bulls,Philadelphia 76ers,10/18,3,TNT
Miami Heat,Washington Wizards,10/18,3,X
Los Angeles Lakers,Portland Trail Blazers,10/18,3,TNT
Charlotte Hornets,Orlando Magic,10/19,4,X
New York Knicks,Brooklyn Nets,10/19,4,X
Boston Celtics,Toronto Raptors,10/19,4,ESPN
Atlanta Hawks,Memphis Grizzlies,10/19,4,X
Cleveland Cavaliers,Minnesota Timberwolves,10/19,4,X
Sacramento Kings,New Orleans Pelicans,10/19,4,X
Indiana Pacers,Milwaukee Bucks,10/19,4,X
Golden State Warriors,Utah Jazz,10/19,4,ESPN
Oklahoma City Thunder,Los Angeles Clippers,10/19,4,X
Brooklyn Nets,Indiana Pacers,10/20,5,X
Toronto Raptors,Washington Wizards,10/20,5,NBA TV
Boston Celtics,New York Knicks,10/20,5,X
Orlando Magic,Philadelphia 76ers,10/20,5,X
Charlotte Hornets,Miami Heat,10/20,5,X
Detroit Pistons,Chicago Bulls,10/20,5,X
Minnesota Timberwolves,Dallas Mavericks,10/20,5,X
Phoenix Suns,Denver Nuggets,10/20,5,X
San Antonio Spurs,Portland Trail Blazers,10/20,5,X
Houston Rockets,Los Angeles Lakers,10/20,5,ESPN
Atlanta Hawks,Cleveland Cavaliers,10/21,6,X
Sacramento Kings,Oklahoma City Thunder,10/21,6,X
Golden State Warriors,Denver Nuggets,10/21,6,X
Houston Rockets,Los Angeles Clippers,10/21,6,NBA TV
Orlando Magic,Boston Celtics,10/22,7,NBA TV
Charlotte Hornets,Toronto Raptors,10/22,7,X
New York Knicks,Milwaukee Bucks,10/22,7,X
Indiana Pacers,Minnesota Timberwolves,10/22,7,X
Chicago Bulls,Dallas Mavericks,10/22,7,X
Memphis Grizzlies,Utah Jazz,10/22,7,X
Washington Wizards,Portland Trail Blazers,10/22,7,X
Phoenix Suns,Golden State Warriors,10/22,7,X
San Antonio Spurs,Los Angeles Lakers,10/22,7,NBA TV
Philadelphia 76ers,Detroit Pistons,10/23,8,NBA TV
Los Angeles Clippers,New Orleans Pelicans,10/23,8,X
Sacramento Kings,Denver Nuggets,10/23,8,X
Dallas Mavericks,Atlanta Hawks,10/24,9,ESPN
Brooklyn Nets,Cleveland Cavaliers,10/24,9,X
New York Knicks,Miami Heat,10/24,9,X
Minnesota Timberwolves,Toronto Raptors,10/24,9,X
Charlotte Hornets,Chicago Bulls,10/24,9,X
Utah Jazz,Houston Rockets,10/24,9,X
Indiana Pacers,San Antonio Spurs,10/24,9,X
Philadelphia 76ers,Milwaukee Bucks,10/24,9,ESPN
Los Angeles Lakers,Phoenix Suns,10/24,9,X
Memphis Grizzlies,Sacramento Kings,10/24,9,X
Washington Wizards,Golden State Warriors,10/24,9,X
Cleveland Cavaliers,Detroit Pistons,10/25,10,X
Portland Trail Blazers,Orlando Magic,10/25,10,X
Boston Celtics,Oklahoma City Thunder,10/25,10,TNT
Denver Nuggets,Los Angeles Lakers,10/25,10,TNT
Chicago Bulls,Charlotte Hornets,10/26,11,X
Golden State Warriors,New York Knicks,10/26,11,NBA TV
Dallas Mavericks,Toronto Raptors,10/26,11,X
Los Angeles Clippers,Houston Rockets,10/26,11,X
Milwaukee Bucks,Minnesota Timberwolves,10/26,11,X
Brooklyn Nets,New Orleans Pelicans,10/26,11,X
Washington Wizards,Sacramento Kings,10/26,11,NBA TV
Boston Celtics,Detroit Pistons,10/27,12,X
Utah Jazz,New Orleans Pelicans,10/27,12,X
Chicago Bulls,Atlanta Hawks,10/27,12,X
Indiana Pacers,Cleveland Cavaliers,10/27,12,X
Charlotte Hornets,Philadelphia 76ers,10/27,12,X
Portland Trail Blazers,Miami Heat,10/27,12,X
Phoenix Suns,Memphis Grizzlies,10/27,12,X
Orlando Magic,Milwaukee Bucks,10/27,12,X
Los Angeles Lakers,San Antonio Spurs,10/27,12,X
Golden State Warriors,Brooklyn Nets,10/28,13,X
Utah Jazz,Dallas Mavericks,10/28,13,X
Phoenix Suns,Oklahoma City Thunder,10/28,13,X
Washington Wizards,Los Angeles Clippers,10/28,13,X
Portland Trail Blazers,Indiana Pacers,10/29,14,X
Atlanta Hawks,Philadelphia 76ers,10/29,14,X
Sacramento Kings,Miami Heat,10/29,14,X
Brooklyn Nets,New York Knicks,10/29,14,X
Golden State Warriors,Chicago Bulls,10/29,14,X
Toronto Raptors,Milwaukee Bucks,10/29,14,X
Los Angeles Lakers,Minnesota Timberwolves,10/29,14,NBA TV
Dallas Mavericks,San Antonio Spurs,10/29,14,X
New Orleans Pelicans,Denver Nuggets,10/29,14,X
Miami Heat,Charlotte Hornets,10/30,15,X
Atlanta Hawks,Cleveland Cavaliers,10/30,15,X
Sacramento Kings,Orlando Magic,10/30,15,X
Detroit Pistons,Boston Celtics,10/30,15,X
Philadelphia 76ers,Toronto Raptors,10/30,15,NBA TV
Portland Trail Blazers,Houston Rockets,10/30,15,X
Washington Wizards,Memphis Grizzlies,10/30,15,X
Los Angeles Clippers,Oklahoma City Thunder,10/30,15,X
Detroit Pistons,Brooklyn Nets,10/31,16,X
Indiana Pacers,New York Knicks,10/31,16,ESPN
Denver Nuggets,Chicago Bulls,10/31,16,X
Utah Jazz,Minnesota Timberwolves,10/31,16,X
New Orleans Pelicans,Golden State Warriors,10/31,16,X
Dallas Mavericks,Los Angeles Lakers,10/31,16,X
San Antonio Spurs,Phoenix Suns,10/31,16,ESPN
Oklahoma City Thunder,Charlotte Hornets,11/1,17,X
Denver Nuggets,Cleveland Cavaliers,11/1,17,X
Los Angeles Clippers,Philadelphia 76ers,11/1,17,X
Sacramento Kings,Atlanta Hawks,11/1,17,X
Milwaukee Bucks,Boston Celtics,11/1,17,TNT
New Orleans Pelicans,Portland Trail Blazers,11/1,17,TNT
Los Angeles Clippers,Orlando Magic,11/2,18,X
Houston Rockets,Brooklyn Nets,11/2,18,X
Oklahoma City Thunder,Washington Wizards,11/2,18,ESPN
Indiana Pacers,Chicago Bulls,11/2,18,X
New York Knicks,Dallas Mavericks,11/2,18,X
Memphis Grizzlies,Utah Jazz,11/2,18,X
Toronto Raptors,Phoenix Suns,11/2,18,X
Minnesota Timberwolves,Golden State Warriors,11/2,18,ESPN
Detroit Pistons,Philadelphia 76ers,11/3,19,X
Cleveland Cavaliers,Charlotte Hornets,11/3,19,X
Boston Celtics,Indiana Pacers,11/3,19,NBA TV
Miami Heat,Atlanta Hawks,11/3,19,X
Houston Rockets,Chicago Bulls,11/3,19,X
New Orleans Pelicans,San Antonio Spurs,11/3,19,X
Utah Jazz,Denver Nuggets,11/3,19,X
Los Angeles Lakers,Portland Trail Blazers,11/3,19,X
Sacramento Kings,Milwaukee Bucks,11/4,20,X
Philadelphia 76ers,Brooklyn Nets,11/4,20,X
New York Knicks,Washington Wizards,11/4,20,X
Orlando Magic,San Antonio Spurs,11/4,20,X
Memphis Grizzlies,Phoenix Suns,11/4,20,X
Minnesota Timberwolves,Portland Trail Blazers,11/4,20,X
Toronto Raptors,Los Angeles Lakers,11/4,20,X
Miami Heat,Detroit Pistons,11/5,21,X
Houston Rockets,Indiana Pacers,11/5,21,X
Cleveland Cavaliers,Orlando Magic,11/5,21,X
Chicago Bulls,New York Knicks,11/5,21,X
New Orleans Pelicans,Oklahoma City Thunder,11/5,21,NBA TV
Boston Celtics,Denver Nuggets,11/5,21,X
Toronto Raptors,Utah Jazz,11/5,21,X
Memphis Grizzlies,Golden State Warriors,11/5,21,NBA TV
Minnesota Timberwolves,Los Angeles Clippers,11/5,21,X
Atlanta Hawks,Charlotte Hornets,11/6,22,X
Washington Wizards,Dallas Mavericks,11/6,22,NBA TV
Brooklyn Nets,Phoenix Suns,11/6,22,X
Milwaukee Bucks,Portland Trail Blazers,11/6,22,X
Oklahoma City Thunder,Cleveland Cavaliers,11/7,23,X
Detroit Pistons,Orlando Magic,11/7,23,X
New York Knicks,Atlanta Hawks,11/7,23,X
San Antonio Spurs,Miami Heat,11/7,23,X
Philadelphia 76ers,Indiana Pacers,11/7,23,ESPN
Denver Nuggets,Memphis Grizzlies,11/7,23,X
Chicago Bulls,New Orleans Pelicans,11/7,23,X
Dallas Mavericks,Utah Jazz,11/7,23,X
Toronto Raptors,Sacramento Kings,11/7,23,X
Minnesota Timberwolves,Los Angeles Lakers,11/7,23,ESPN
Houston Rockets,Oklahoma City Thunder,11/8,24,TNT
Boston Celtics,Phoenix Suns,11/8,24,X
Los Angeles Clippers,Portland Trail Blazers,11/8,24,X
Milwaukee Bucks,Golden State Warriors,11/8,24,TNT
Washington Wizards,Orlando Magic,11/9,25,X
Charlotte Hornets,Philadelphia 76ers,11/9,25,NBA TV
Detroit Pistons,Atlanta Hawks,11/9,25,X
Indiana Pacers,Miami Heat,11/9,25,X
Brooklyn Nets,Denver Nuggets,11/9,25,X
Boston Celtics,Utah Jazz,11/9,25,ESPN
Minnesota Timberwolves,Sacramento Kings,11/9,25,X
New York Knicks,Toronto Raptors,11/10,26,X
Milwaukee Bucks,Los Angeles Clippers,11/10,26,X
Phoenix Suns,New Orleans Pelicans,11/10,26,X
Washington Wizards,Miami Heat,11/10,26,X
Cleveland Cavaliers,Chicago Bulls,11/10,26,X
Philadelphia 76ers,Memphis Grizzlies,11/10,26,X
Houston Rockets,San Antonio Spurs,11/10,26,NBA TV
Brooklyn Nets,Golden State Warriors,11/10,26,X
Oklahoma City Thunder,Dallas Mavericks,11/10,26,X
Los Angeles Lakers,Sacramento Kings,11/10,26,X
Charlotte Hornets,Detroit Pistons,11/11,27,X
Indiana Pacers,Houston Rockets,11/11,27,X
Orlando Magic,New York Knicks,11/11,27,X
Milwaukee Bucks,Denver Nuggets,11/11,27,X
Boston Celtics,Portland Trail Blazers,11/11,27,X
Atlanta Hawks,Los Angeles Lakers,11/11,27,X
Orlando Magic,Washington Wizards,11/12,28,X
Philadelphia 76ers,Miami Heat,11/12,28,X
New Orleans Pelicans,Toronto Raptors,11/12,28,NBA TV
Dallas Mavericks,Chicago Bulls,11/12,28,X
Utah Jazz,Memphis Grizzlies,11/12,28,X
Brooklyn Nets,Minnesota Timberwolves,11/12,28,X
Phoenix Suns,Oklahoma City Thunder,11/12,28,X
San Antonio Spurs,Sacramento Kings,11/12,28,X
Golden State Warriors,Los Angeles Clippers,11/12,28,NBA TV
Charlotte Hornets,Cleveland Cavaliers,11/13,29,NBA TV
Houston Rockets,Denver Nuggets,11/13,29,X
Atlanta Hawks,Golden State Warriors,11/13,29,NBA TV
Philadelphia 76ers,Orlando Magic,11/14,30,X
Cleveland Cavaliers,Washington Wizards,11/14,30,X
Chicago Bulls,Boston Celtics,11/14,30,X
Miami Heat,Brooklyn Nets,11/14,30,X
Detroit Pistons,Toronto Raptors,11/14,30,X
Memphis Grizzlies,Milwaukee Bucks,11/14,30,X
New Orleans Pelicans,Minnesota Timberwolves,11/14,30,ESPN
New York Knicks,Oklahoma City Thunder,11/14,30,X
Utah Jazz,Dallas Mavericks,11/14,30,X
San Antonio Spurs,Phoenix Suns,11/14,30,X
Portland Trail Blazers,Los Angeles Lakers,11/14,30,ESPN
Golden State Warriors,Houston Rockets,11/15,31,TNT
Atlanta Hawks,Denver Nuggets,11/15,31,X
San Antonio Spurs,Los Angeles Clippers,11/15,31,TNT
Toronto Raptors,Boston Celtics,11/16,32,ESPN
Miami Heat,Indiana Pacers,11/16,32,X
Utah Jazz,Philadelphia 76ers,11/16,32,X
Brooklyn Nets,Washington Wizards,11/16,32,X
Sacramento Kings,Memphis Grizzlies,11/16,32,X
Portland Trail Blazers,Minnesota Timberwolves,11/16,32,X
New York Knicks,New Orleans Pelicans,11/16,32,X
Chicago Bulls,Milwaukee Bucks,11/16,32,ESPN
Los Angeles Clippers,Brooklyn Nets,11/17,33,X
Philadelphia 76ers,Charlotte Hornets,11/17,33,X
Atlanta Hawks,Indiana Pacers,11/17,33,X
Los Angeles Lakers,Orlando Magic,11/17,33,X
Denver Nuggets,New Orleans Pelicans,11/17,33,X
Utah Jazz,Boston Celtics,11/17,33,NBA TV
Toronto Raptors,Chicago Bulls,11/17,33,X
Sacramento Kings,Houston Rockets,11/17,33,X
Golden State Warriors,Dallas Mavericks,11/17,33,X
Oklahoma City Thunder,Phoenix Suns,11/17,33,X
Memphis Grizzlies,Minnesota Timberwolves,11/18,34,X
Los Angeles Lakers,Miami Heat,11/18,34,X
New York Knicks,Orlando Magic,11/18,34,X
Portland Trail Blazers,Washington Wizards,11/18,34,X
Golden State Warriors,San Antonio Spurs,11/18,34,NBA TV
Boston Celtics,Charlotte Hornets,11/19,35,X
Cleveland Cavaliers,Detroit Pistons,11/19,35,X
Utah Jazz,Indiana Pacers,11/19,35,X
Phoenix Suns,Philadelphia 76ers,11/19,35,NBA TV
Los Angeles Clippers,Atlanta Hawks,11/19,35,X
Dallas Mavericks,Memphis Grizzlies,11/19,35,X
Denver Nuggets,Milwaukee Bucks,11/19,35,X
San Antonio Spurs,New Orleans Pelicans,11/19,35,X
Oklahoma City Thunder,Sacramento Kings,11/19,35,NBA TV
Toronto Raptors,Orlando Magic,11/20,36,X
Los Angeles Clippers,Washington Wizards,11/20,36,X
Brooklyn Nets,Miami Heat,11/20,36,X
Portland Trail Blazers,New York Knicks,11/20,36,NBA TV
Indiana Pacers,Charlotte Hornets,11/21,37,X
New Orleans Pelicans,Philadelphia 76ers,11/21,37,X
Toronto Raptors,Atlanta Hawks,11/21,37,X
New York Knicks,Boston Celtics,11/21,37,X
Los Angeles Lakers,Cleveland Cavaliers,11/21,37,ESPN
Phoenix Suns,Chicago Bulls,11/21,37,X
Detroit Pistons,Houston Rockets,11/21,37,X
Portland Trail Blazers,Milwaukee Bucks,11/21,37,X
Denver Nuggets,Minnesota Timberwolves,11/21,37,X
Brooklyn Nets,Dallas Mavericks,11/21,37,X
Memphis Grizzlies,San Antonio Spurs,11/21,37,X
Sacramento Kings,Utah Jazz,11/21,37,X
Oklahoma City Thunder,Golden State Warriors,11/21,37,ESPN
Minnesota Timberwolves,Brooklyn Nets,11/23,39,X
Memphis Grizzlies,Los Angeles Clippers,11/23,39,X
Houston Rockets,Detroit Pistons,11/23,39,NBA TV
Boston Celtics,Atlanta Hawks,11/23,39,X
New Orleans Pelicans,New York Knicks,11/23,39,X
Cleveland Cavaliers,Philadelphia 76ers,11/23,39,X
Washington Wizards,Toronto Raptors,11/23,39,X
San Antonio Spurs,Indiana Pacers,11/23,39,X
Miami Heat,Chicago Bulls,11/23,39,X
Charlotte Hornets,Oklahoma City Thunder,11/23,39,X
Phoenix Suns,Milwaukee Bucks,11/23,39,X
Orlando Magic,Denver Nuggets,11/23,39,X
Portland Trail Blazers,Golden State Warriors,11/23,39,X
Utah Jazz,Los Angeles Lakers,11/23,39,NBA TV
Houston Rockets,Cleveland Cavaliers,11/24,40,X
New Orleans Pelicans,Washington Wizards,11/24,40,X
Chicago Bulls,Minnesota Timberwolves,11/24,40,X
Denver Nuggets,Oklahoma City Thunder,11/24,40,X
Boston Celtics,Dallas Mavericks,11/24,40,X
San Antonio Spurs,Milwaukee Bucks,11/24,40,NBA TV
Sacramento Kings,Golden State Warriors,11/24,40,X
Orlando Magic,Los Angeles Lakers,11/25,41,X
Phoenix Suns,Detroit Pistons,11/25,41,X
Charlotte Hornets,Atlanta Hawks,11/25,41,X
Philadelphia 76ers,Brooklyn Nets,11/25,41,X
Miami Heat,Toronto Raptors,11/25,41,X
New York Knicks,Memphis Grizzlies,11/25,41,X
Utah Jazz,Sacramento Kings,11/25,41,X
Los Angeles Clippers,Portland Trail Blazers,11/25,41,X
Milwaukee Bucks,Charlotte Hornets,11/26,42,X
Minnesota Timberwolves,Cleveland Cavaliers,11/26,42,X
Houston Rockets,Washington Wizards,11/26,42,NBA TV
San Antonio Spurs,Chicago Bulls,11/26,42,X
Boston Celtics,New Orleans Pelicans,11/26,42,X
Indiana Pacers,Utah Jazz,11/26,42,X
Orlando Magic,Golden State Warriors,11/26,42,X
New York Knicks,Detroit Pistons,11/27,43,X
Atlanta Hawks,Miami Heat,11/27,43,X
Toronto Raptors,Memphis Grizzlies,11/27,43,X
Los Angeles Lakers,Denver Nuggets,11/27,43,NBA TV
Indiana Pacers,Phoenix Suns,11/27,43,X
Atlanta Hawks,Charlotte Hornets,11/28,44,X
New York Knicks,Philadelphia 76ers,11/28,44,NBA TV
Utah Jazz,Brooklyn Nets,11/28,44,X
Dallas Mavericks,Houston Rockets,11/28,44,X
Chicago Bulls,Milwaukee Bucks,11/28,44,X
San Antonio Spurs,Minnesota Timberwolves,11/28,44,X
Washington Wizards,New Orleans Pelicans,11/28,44,X
Cleveland Cavaliers,Oklahoma City Thunder,11/28,44,X
Orlando Magic,Portland Trail Blazers,11/28,44,NBA TV
Phoenix Suns,Los Angeles Clippers,11/28,44,X
Golden State Warriors,Toronto Raptors,11/29,45,TNT
Indiana Pacers,Los Angeles Lakers,11/29,45,X
Los Angeles Clippers,Sacramento Kings,11/29,45,TNT
Cleveland Cavaliers,Boston Celtics,11/30,46,X
Utah Jazz,Charlotte Hornets,11/30,46,X
Chicago Bulls,Detroit Pistons,11/30,46,X
Washington Wizards,Philadelphia 76ers,11/30,46,X
Memphis Grizzlies,Brooklyn Nets,11/30,46,X
New Orleans Pelicans,Miami Heat,11/30,46,X
Atlanta Hawks,Oklahoma City Thunder,11/30,46,X
Houston Rockets,San Antonio Spurs,11/30,46,ESPN
Orlando Magic,Phoenix Suns,11/30,46,X
Dallas Mavericks,Los Angeles Lakers,11/30,46,X
Denver Nuggets,Portland Trail Blazers,11/30,46,ESPN
Milwaukee Bucks,New York Knicks,12/1,47,X
Golden State Warriors,Detroit Pistons,12/1,47,X
Brooklyn Nets,Washington Wizards,12/1,47,X
Toronto Raptors,Cleveland Cavaliers,12/1,47,X
Chicago Bulls,Houston Rockets,12/1,47,X
Boston Celtics,Minnesota Timberwolves,12/1,47,NBA TV
Indiana Pacers,Sacramento Kings,12/1,47,X
Phoenix Suns,Los Angeles Lakers,12/2,48,X
New Orleans Pelicans,Charlotte Hornets,12/2,48,X
Utah Jazz,Miami Heat,12/2,48,X
Memphis Grizzlies,Philadelphia 76ers,12/2,48,X
Los Angeles Clippers,Dallas Mavericks,12/2,48,X
Portland Trail Blazers,San Antonio Spurs,12/2,48,X
Oklahoma City Thunder,Detroit Pistons,12/3,49,NBA TV
Golden State Warriors,Atlanta Hawks,12/3,49,X
Cleveland Cavaliers,Brooklyn Nets,12/3,49,X
Washington Wizards,New York Knicks,12/3,49,X
Denver Nuggets,Toronto Raptors,12/3,49,X
Houston Rockets,Minnesota Timberwolves,12/3,49,X
Los Angeles Clippers,New Orleans Pelicans,12/3,49,X
Chicago Bulls,Indiana Pacers,12/4,50,X
Orlando Magic,Miami Heat,12/4,50,X
Portland Trail Blazers,Dallas Mavericks,12/4,50,X
Sacramento Kings,Phoenix Suns,12/4,50,X
San Antonio Spurs,Utah Jazz,12/4,50,NBA TV
Golden State Warriors,Cleveland Cavaliers,12/5,51,X
Denver Nuggets,Orlando Magic,12/5,51,X
Washington Wizards,Atlanta Hawks,12/5,51,X
Oklahoma City Thunder,Brooklyn Nets,12/5,51,X
Philadelphia 76ers,Toronto Raptors,12/5,51,ESPN
Los Angeles Clippers,Memphis Grizzlies,12/5,51,X
Detroit Pistons,Milwaukee Bucks,12/5,51,X
Charlotte Hornets,Minnesota Timberwolves,12/5,51,X
Dallas Mavericks,New Orleans Pelicans,12/5,51,X
San Antonio Spurs,Los Angeles Lakers,12/5,51,ESPN
New York Knicks,Boston Celtics,12/6,52,TNT
Phoenix Suns,Portland Trail Blazers,12/6,52,X
Houston Rockets,Utah Jazz,12/6,52,TNT
Denver Nuggets,Charlotte Hornets,12/7,53,X
Philadelphia 76ers,Detroit Pistons,12/7,53,ESPN
Indiana Pacers,Orlando Magic,12/7,53,X
Toronto Raptors,Brooklyn Nets,12/7,53,X
Sacramento Kings,Cleveland Cavaliers,12/7,53,X
Oklahoma City Thunder,Chicago Bulls,12/7,53,X
Memphis Grizzlies,New Orleans Pelicans,12/7,53,X
Los Angeles Lakers,San Antonio Spurs,12/7,53,X
Miami Heat,Phoenix Suns,12/7,53,X
Golden State Warriors,Milwaukee Bucks,12/7,53,ESPN
Houston Rockets,Dallas Mavericks,12/8,54,X
Sacramento Kings,Indiana Pacers,12/8,54,X
Denver Nuggets,Atlanta Hawks,12/8,54,X
Washington Wizards,Cleveland Cavaliers,12/8,54,NBA TV
Brooklyn Nets,New York Knicks,12/8,54,X
Boston Celtics,Chicago Bulls,12/8,54,X
Los Angeles Lakers,Memphis Grizzlies,12/8,54,X
Minnesota Timberwolves,Portland Trail Blazers,12/8,54,X
Miami Heat,Los Angeles Clippers,12/8,54,X
New Orleans Pelicans,Detroit Pistons,12/9,55,X
Milwaukee Bucks,Toronto Raptors,12/9,55,NBA TV
Utah Jazz,San Antonio Spurs,12/9,55,X
Charlotte Hornets,New York Knicks,12/9,55,X
Washington Wizards,Indiana Pacers,12/10,56,X
Detroit Pistons,Philadelphia 76ers,12/10,56,X
New Orleans Pelicans,Boston Celtics,12/10,56,NBA TV
Sacramento Kings,Chicago Bulls,12/10,56,X
Cleveland Cavaliers,Milwaukee Bucks,12/10,56,X
Utah Jazz,Oklahoma City Thunder,12/10,56,X
Orlando Magic,Dallas Mavericks,12/10,56,X
Memphis Grizzlies,Denver Nuggets,12/10,56,X
Los Angeles Clippers,Phoenix Suns,12/10,56,X
Minnesota Timberwolves,Golden State Warriors,12/10,56,X
Miami Heat,Los Angeles Lakers,12/10,56,NBA TV
Portland Trail Blazers,Houston Rockets,12/11,57,NBA TV
Phoenix Suns,San Antonio Spurs,12/11,57,X
Toronto Raptors,Los Angeles Clippers,12/11,57,NBA TV
Detroit Pistons,Charlotte Hornets,12/12,58,X
New York Knicks,Cleveland Cavaliers,12/12,58,X
Milwaukee Bucks,Indiana Pacers,12/12,58,X
Brooklyn Nets,Philadelphia 76ers,12/12,58,X
Boston Celtics,Washington Wizards,12/12,58,X
Portland Trail Blazers,Memphis Grizzlies,12/12,58,X
Oklahoma City Thunder,New Orleans Pelicans,12/12,58,ESPN
Atlanta Hawks,Dallas Mavericks,12/12,58,X
Miami Heat,Utah Jazz,12/12,58,X
Minnesota Timberwolves,Sacramento Kings,12/12,58,X
Toronto Raptors,Golden State Warriors,12/12,58,ESPN
Los Angeles Lakers,Houston Rockets,12/13,59,TNT
Los Angeles Clippers,San Antonio Spurs,12/13,59,X
Chicago Bulls,Orlando Magic,12/13,59,X
Dallas Mavericks,Phoenix Suns,12/13,59,TNT
Atlanta Hawks,Boston Celtics,12/14,60,X
New York Knicks,Charlotte Hornets,12/14,60,X
Washington Wizards,Brooklyn Nets,12/14,60,X
Milwaukee Bucks,Cleveland Cavaliers,12/14,60,X
Indiana Pacers,Philadelphia 76ers,12/14,60,ESPN
Miami Heat,Memphis Grizzlies,12/14,60,X
Oklahoma City Thunder,Denver Nuggets,12/14,60,ESPN
Toronto Raptors,Portland Trail Blazers,12/14,60,X
Golden State Warriors,Sacramento Kings,12/14,60,X
Utah Jazz,Orlando Magic,12/15,61,NBA TV
Los Angeles Lakers,Charlotte Hornets,12/15,61,X
Boston Celtics,Detroit Pistons,12/15,61,X
Houston Rockets,Memphis Grizzlies,12/15,61,X
Chicago Bulls,San Antonio Spurs,12/15,61,X
Los Angeles Clippers,Oklahoma City Thunder,12/15,61,X
Minnesota Timberwolves,Phoenix Suns,12/15,61,X
Atlanta Hawks,Brooklyn Nets,12/16,62,X
Philadelphia 76ers,Cleveland Cavaliers,12/16,62,X
New York Knicks,Indiana Pacers,12/16,62,X
Los Angeles Lakers,Washington Wizards,12/16,62,X
Sacramento Kings,Dallas Mavericks,12/16,62,X
Miami Heat,New Orleans Pelicans,12/16,62,X
Toronto Raptors,Denver Nuggets,12/16,62,X
Milwaukee Bucks,Detroit Pistons,12/17,63,X
Phoenix Suns,New York Knicks,12/17,63,X
Utah Jazz,Houston Rockets,12/17,63,NBA TV
Sacramento Kings,Minnesota Timberwolves,12/17,63,X
Chicago Bulls,Oklahoma City Thunder,12/17,63,X
Philadelphia 76ers,San Antonio Spurs,12/17,63,X
Memphis Grizzlies,Golden State Warriors,12/17,63,NBA TV
Portland Trail Blazers,Los Angeles Clippers,12/17,63,X
Cleveland Cavaliers,Indiana Pacers,12/18,64,X
Washington Wizards,Atlanta Hawks,12/18,64,X
Los Angeles Lakers,Brooklyn Nets,12/18,64,NBA TV
Dallas Mavericks,Denver Nuggets,12/18,64,X
Cleveland Cavaliers,Charlotte Hornets,12/19,65,X
San Antonio Spurs,Orlando Magic,12/19,65,X
New York Knicks,Philadelphia 76ers,12/19,65,X
Phoenix Suns,Boston Celtics,12/19,65,NBA TV
Indiana Pacers,Toronto Raptors,12/19,65,X
Brooklyn Nets,Chicago Bulls,12/19,65,X
Washington Wizards,Houston Rockets,12/19,65,X
New Orleans Pelicans,Milwaukee Bucks,12/19,65,X
Detroit Pistons,Minnesota Timberwolves,12/19,65,X
Golden State Warriors,Utah Jazz,12/19,65,X
Memphis Grizzlies,Portland Trail Blazers,12/19,65,X
Oklahoma City Thunder,Sacramento Kings,12/19,65,NBA TV
Houston Rockets,Miami Heat,12/20,66,TNT
Dallas Mavericks,Los Angeles Clippers,12/20,66,TNT
Detroit Pistons,Charlotte Hornets,12/21,67,X
Cleveland Cavaliers,Toronto Raptors,12/21,67,X
Indiana Pacers,Brooklyn Nets,12/21,67,X
Atlanta Hawks,New York Knicks,12/21,67,X
Milwaukee Bucks,Boston Celtics,12/21,67,ESPN
Orlando Magic,Chicago Bulls,12/21,67,X
Minnesota Timberwolves,San Antonio Spurs,12/21,67,X
Utah Jazz,Portland Trail Blazers,12/21,67,X
Memphis Grizzlies,Sacramento Kings,12/21,67,X
New Orleans Pelicans,Los Angeles Lakers,12/21,67,ESPN
Denver Nuggets,Los Angeles Clippers,12/22,68,X
Phoenix Suns,Washington Wizards,12/22,68,X
Toronto Raptors,Philadelphia 76ers,12/22,68,NBA TV
Milwaukee Bucks,Miami Heat,12/22,68,X
San Antonio Spurs,Houston Rockets,12/22,68,X
Dallas Mavericks,Golden State Warriors,12/22,68,X
Oklahoma City Thunder,Utah Jazz,12/22,68,X
Atlanta Hawks,Detroit Pistons,12/23,69,X
Washington Wizards,Indiana Pacers,12/23,69,X
Charlotte Hornets,Boston Celtics,12/23,69,X
Phoenix Suns,Brooklyn Nets,12/23,69,X
Chicago Bulls,Cleveland Cavaliers,12/23,69,X
Miami Heat,Orlando Magic,12/23,69,X
New Orleans Pelicans,Sacramento Kings,12/23,69,X
Minnesota Timberwolves,Oklahoma City Thunder,12/23,69,X
Los Angeles Clippers,Golden State Warriors,12/23,69,X
Dallas Mavericks,Portland Trail Blazers,12/23,69,X
Memphis Grizzlies,Los Angeles Lakers,12/23,69,X
Milwaukee Bucks,New York Knicks,12/25,71,ESPN
Oklahoma City Thunder,Houston Rockets,12/25,71,ABC
Philadelphia 76ers,Boston Celtics,12/25,71,ABC
Los Angeles Lakers,Golden State Warriors,12/25,71,X
Portland Trail Blazers,Utah Jazz,12/25,71,ESPN
Washington Wizards,Detroit Pistons,12/26,72,X
Phoenix Suns,Orlando Magic,12/26,72,X
Indiana Pacers,Atlanta Hawks,12/26,72,X
Charlotte Hornets,Brooklyn Nets,12/26,72,X
Toronto Raptors,Miami Heat,12/26,72,NBA TV
Minnesota Timberwolves,Chicago Bulls,12/26,72,X
Cleveland Cavaliers,Memphis Grizzlies,12/26,72,X
New Orleans Pelicans,Dallas Mavericks,12/26,72,X
Denver Nuggets,San Antonio Spurs,12/26,72,X
Sacramento Kings,Los Angeles Clippers,12/26,72,X
Boston Celtics,Houston Rockets,12/27,73,TNT
New York Knicks,Milwaukee Bucks,12/27,73,X
Los Angeles Lakers,Sacramento Kings,12/27,73,X
Philadelphia 76ers,Utah Jazz,12/27,73,TNT
Portland Trail Blazers,Golden State Warriors,12/27,73,X
Brooklyn Nets,Charlotte Hornets,12/28,74,X
Detroit Pistons,Indiana Pacers,12/28,74,X
Toronto Raptors,Orlando Magic,12/28,74,X
Chicago Bulls,Washington Wizards,12/28,74,X
Cleveland Cavaliers,Miami Heat,12/28,74,X
Atlanta Hawks,Minnesota Timberwolves,12/28,74,X
Dallas Mavericks,New Orleans Pelicans,12/28,74,NBA TV
San Antonio Spurs,Denver Nuggets,12/28,74,X
Oklahoma City Thunder,Phoenix Suns,12/28,74,X
Los Angeles Clippers,Los Angeles Lakers,12/28,74,NBA TV
Brooklyn Nets,Milwaukee Bucks,12/29,75,X
Houston Rockets,New Orleans Pelicans,12/29,75,NBA TV
Charlotte Hornets,Washington Wizards,12/29,75,X
Cleveland Cavaliers,Atlanta Hawks,12/29,75,X
Boston Celtics,Memphis Grizzlies,12/29,75,X
New York Knicks,Utah Jazz,12/29,75,X
Denver Nuggets,Phoenix Suns,12/29,75,X
Golden State Warriors,Portland Trail Blazers,12/29,75,NBA TV
San Antonio Spurs,Los Angeles Clippers,12/29,75,X
Detroit Pistons,Orlando Magic,12/30,76,X
Minnesota Timberwolves,Miami Heat,12/30,76,X
Chicago Bulls,Toronto Raptors,12/30,76,X
Oklahoma City Thunder,Dallas Mavericks,12/30,76,X
Philadelphia 76ers,Portland Trail Blazers,12/30,76,X
Sacramento Kings,Los Angeles Lakers,12/30,76,X
Atlanta Hawks,Indiana Pacers,12/31,77,X
Orlando Magic,Charlotte Hornets,12/31,77,X
Memphis Grizzlies,Houston Rockets,12/31,77,X
Boston Celtics,San Antonio Spurs,12/31,77,NBA TV
Minnesota Timberwolves,New Orleans Pelicans,12/31,77,X
Dallas Mavericks,Oklahoma City Thunder,12/31,77,X
Golden State Warriors,Phoenix Suns,12/31,77,X
Utah Jazz,Toronto Raptors,1/1,78,NBA TV
Detroit Pistons,Milwaukee Bucks,1/1,78,X
New York Knicks,Denver Nuggets,1/1,78,X
Portland Trail Blazers,Sacramento Kings,1/1,78,X
Philadelphia 76ers,Los Angeles Clippers,1/1,78,X
Dallas Mavericks,Charlotte Hornets,1/2,79,X
Miami Heat,Cleveland Cavaliers,1/2,79,X
Atlanta Hawks,Washington Wizards,1/2,79,X
New Orleans Pelicans,Brooklyn Nets,1/2,79,X
Minnesota Timberwolves,Boston Celtics,1/2,79,ESPN
Orlando Magic,Chicago Bulls,1/2,79,X
Detroit Pistons,Memphis Grizzlies,1/2,79,X
Philadelphia 76ers,Phoenix Suns,1/2,79,X
Oklahoma City Thunder,Los Angeles Lakers,1/2,79,ESPN
Toronto Raptors,San Antonio Spurs,1/3,80,TNT
Denver Nuggets,Sacramento Kings,1/3,80,X
Houston Rockets,Golden State Warriors,1/3,80,TNT
Dallas Mavericks,Boston Celtics,1/4,81,X
Utah Jazz,Cleveland Cavaliers,1/4,81,X
Washington Wizards,Miami Heat,1/4,81,ESPN
Indiana Pacers,Chicago Bulls,1/4,81,X
Brooklyn Nets,Memphis Grizzlies,1/4,81,X
Orlando Magic,Minnesota Timberwolves,1/4,81,X
Atlanta Hawks,Milwaukee Bucks,1/4,81,X
Los Angeles Clippers,Phoenix Suns,1/4,81,X
New York Knicks,Los Angeles Lakers,1/4,81,X
Oklahoma City Thunder,Portland Trail Blazers,1/4,81,ESPN
Charlotte Hornets,Denver Nuggets,1/5,82,X
Utah Jazz,Detroit Pistons,1/5,82,X
Dallas Mavericks,Philadelphia 76ers,1/5,82,X
New Orleans Pelicans,Cleveland Cavaliers,1/5,82,X
Toronto Raptors,Milwaukee Bucks,1/5,82,NBA TV
Memphis Grizzlies,San Antonio Spurs,1/5,82,X
Houston Rockets,Portland Trail Blazers,1/5,82,X
Golden State Warriors,Sacramento Kings,1/5,82,X
Brooklyn Nets,Chicago Bulls,1/6,83,X
Los Angeles Lakers,Minnesota Timberwolves,1/6,83,X
Orlando Magic,Los Angeles Clippers,1/6,83,X
Miami Heat,Atlanta Hawks,1/6,83,X
Washington Wizards,Oklahoma City Thunder,1/6,83,X
Indiana Pacers,Toronto Raptors,1/6,83,NBA TV
Charlotte Hornets,Phoenix Suns,1/6,83,X
San Antonio Spurs,Detroit Pistons,1/7,84,X
Brooklyn Nets,Boston Celtics,1/7,84,X
Denver Nuggets,Houston Rockets,1/7,84,X
Utah Jazz,Milwaukee Bucks,1/7,84,X
Memphis Grizzlies,New Orleans Pelicans,1/7,84,X
Los Angeles Lakers,Dallas Mavericks,1/7,84,X
New York Knicks,Portland Trail Blazers,1/7,84,X
Orlando Magic,Sacramento Kings,1/7,84,X
Indiana Pacers,Cleveland Cavaliers,1/8,85,X
Washington Wizards,Philadelphia 76ers,1/8,85,X
Denver Nuggets,Miami Heat,1/8,85,X
Atlanta Hawks,Toronto Raptors,1/8,85,X
Minnesota Timberwolves,Oklahoma City Thunder,1/8,85,NBA TV
Sacramento Kings,Phoenix Suns,1/8,85,X
New York Knicks,Golden State Warriors,1/8,85,NBA TV
Charlotte Hornets,Los Angeles Clippers,1/8,85,X
Indiana Pacers,Boston Celtics,1/9,86,X
Philadelphia 76ers,Washington Wizards,1/9,86,X
Atlanta Hawks,Brooklyn Nets,1/9,86,X
Milwaukee Bucks,Houston Rockets,1/9,86,ESPN
San Antonio Spurs,Memphis Grizzlies,1/9,86,X
Cleveland Cavaliers,New Orleans Pelicans,1/9,86,X
Phoenix Suns,Dallas Mavericks,1/9,86,X
Orlando Magic,Utah Jazz,1/9,86,X
Chicago Bulls,Portland Trail Blazers,1/9,86,X
Detroit Pistons,Los Angeles Lakers,1/9,86,ESPN
Boston Celtics,Miami Heat,1/10,87,TNT
Los Angeles Clippers,Denver Nuggets,1/10,87,X
Oklahoma City Thunder,San Antonio Spurs,1/10,87,TNT
Detroit Pistons,Sacramento Kings,1/10,87,X
Atlanta Hawks,Philadelphia 76ers,1/11,88,X
Milwaukee Bucks,Washington Wizards,1/11,88,X
Indiana Pacers,New York Knicks,1/11,88,ESPN
Brooklyn Nets,Toronto Raptors,1/11,88,X
Cleveland Cavaliers,Houston Rockets,1/11,88,X
Dallas Mavericks,Minnesota Timberwolves,1/11,88,X
Los Angeles Lakers,Utah Jazz,1/11,88,ESPN
Charlotte Hornets,Portland Trail Blazers,1/11,88,X
Chicago Bulls,Golden State Warriors,1/11,88,X
Detroit Pistons,Los Angeles Clippers,1/12,89,X
Memphis Grizzlies,Miami Heat,1/12,89,X
Boston Celtics,Orlando Magic,1/12,89,X
New Orleans Pelicans,Minnesota Timberwolves,1/12,89,X
San Antonio Spurs,Oklahoma City Thunder,1/12,89,NBA TV
Denver Nuggets,Phoenix Suns,1/12,89,X
Charlotte Hornets,Sacramento Kings,1/12,89,X
Chicago Bulls,Utah Jazz,1/12,89,X
Philadelphia 76ers,New York Knicks,1/13,90,X
Toronto Raptors,Washington Wizards,1/13,90,X
Milwaukee Bucks,Atlanta Hawks,1/13,90,X
Houston Rockets,Orlando Magic,1/13,90,X
Golden State Warriors,Dallas Mavericks,1/13,90,X
Portland Trail Blazers,Denver Nuggets,1/13,90,X
Cleveland Cavaliers,Los Angeles Lakers,1/13,90,NBA TV
Boston Celtics,Brooklyn Nets,1/14,91,X
Memphis Grizzlies,Houston Rockets,1/14,91,X
Charlotte Hornets,San Antonio Spurs,1/14,91,NBA TV
Detroit Pistons,Utah Jazz,1/14,91,X
Portland Trail Blazers,Sacramento Kings,1/14,91,X
New Orleans Pelicans,Los Angeles Clippers,1/14,91,X
Phoenix Suns,Indiana Pacers,1/15,92,X
Minnesota Timberwolves,Philadelphia 76ers,1/15,92,NBA TV
Oklahoma City Thunder,Atlanta Hawks,1/15,92,X
Miami Heat,Milwaukee Bucks,1/15,92,X
Golden State Warriors,Denver Nuggets,1/15,92,X
Chicago Bulls,Los Angeles Lakers,1/15,92,NBA TV
Orlando Magic,Detroit Pistons,1/16,93,X
Toronto Raptors,Boston Celtics,1/16,93,ESPN
Brooklyn Nets,Houston Rockets,1/16,93,X
Milwaukee Bucks,Memphis Grizzlies,1/16,93,X
San Antonio Spurs,Dallas Mavericks,1/16,93,X
Cleveland Cavaliers,Portland Trail Blazers,1/16,93,X
New Orleans Pelicans,Golden State Warriors,1/16,93,ESPN
Utah Jazz,Los Angeles Clippers,1/16,93,X
New York Knicks,Washington Wizards,1/17,94,NBA TV
Sacramento Kings,Charlotte Hornets,1/17,94,X
Philadelphia 76ers,Indiana Pacers,1/17,94,TNT
Phoenix Suns,Toronto Raptors,1/17,94,X
Chicago Bulls,Denver Nuggets,1/17,94,X
Los Angeles Lakers,Oklahoma City Thunder,1/17,94,TNT
Memphis Grizzlies,Boston Celtics,1/18,95,X
Miami Heat,Detroit Pistons,1/18,95,X
Brooklyn Nets,Orlando Magic,1/18,95,X
San Antonio Spurs,Minnesota Timberwolves,1/18,95,ESPN
Cleveland Cavaliers,Utah Jazz,1/18,95,X
Golden State Warriors,Los Angeles Clippers,1/18,95,X
New Orleans Pelicans,Portland Trail Blazers,1/18,95,ESPN
Oklahoma City Thunder,Philadelphia 76ers,1/19,96,ABC
Phoenix Suns,Charlotte Hornets,1/19,96,X
Sacramento Kings,Detroit Pistons,1/19,96,X
Dallas Mavericks,Indiana Pacers,1/19,96,X
Milwaukee Bucks,Orlando Magic,1/19,96,X
Boston Celtics,Atlanta Hawks,1/19,96,X
Memphis Grizzlies,Toronto Raptors,1/19,96,X
Miami Heat,Chicago Bulls,1/19,96,X
Los Angeles Lakers,Houston Rockets,1/19,96,ABC
Cleveland Cavaliers,Denver Nuggets,1/19,96,X
Charlotte Hornets,Indiana Pacers,1/20,97,X
Phoenix Suns,Minnesota Timberwolves,1/20,97,X
Los Angeles Clippers,San Antonio Spurs,1/20,97,X
Oklahoma City Thunder,New York Knicks,1/21,98,NBA TV
Chicago Bulls,Cleveland Cavaliers,1/21,98,X
Detroit Pistons,Washington Wizards,1/21,98,X
Dallas Mavericks,Milwaukee Bucks,1/21,98,X
Orlando Magic,Atlanta Hawks,1/21,98,NBA TV
Sacramento Kings,Brooklyn Nets,1/21,98,X
New Orleans Pelicans,Memphis Grizzlies,1/21,98,TNT
Miami Heat,Boston Celtics,1/21,98,X
Houston Rockets,Philadelphia 76ers,1/21,98,TNT
Portland Trail Blazers,Utah Jazz,1/21,98,X
Golden State Warriors,Los Angeles Lakers,1/21,98,TNT
Sacramento Kings,Toronto Raptors,1/22,99,X
Portland Trail Blazers,Oklahoma City Thunder,1/22,99,NBA TV
Los Angeles Clippers,Dallas Mavericks,1/22,99,X
Minnesota Timberwolves,Phoenix Suns,1/22,99,X
Toronto Raptors,Indiana Pacers,1/23,100,X
Cleveland Cavaliers,Boston Celtics,1/23,100,X
Orlando Magic,Brooklyn Nets,1/23,100,X
Los Angeles Clippers,Miami Heat,1/23,100,X
Houston Rockets,New York Knicks,1/23,100,X
San Antonio Spurs,Philadelphia 76ers,1/23,100,ESPN
Atlanta Hawks,Chicago Bulls,1/23,100,X
Charlotte Hornets,Memphis Grizzlies,1/23,100,X
Detroit Pistons,New Orleans Pelicans,1/23,100,X
Denver Nuggets,Utah Jazz,1/23,100,ESPN
Golden State Warriors,Washington Wizards,1/24,101,TNT
New Orleans Pelicans,Oklahoma City Thunder,1/24,101,X
Portland Trail Blazers,Phoenix Suns,1/24,101,X
Minnesota Timberwolves,Los Angeles Lakers,1/24,101,TNT
Washington Wizards,Orlando Magic,1/25,102,X
New York Knicks,Brooklyn Nets,1/25,102,X
Miami Heat,Cleveland Cavaliers,1/25,102,X
Los Angeles Clippers,Chicago Bulls,1/25,102,X
Toronto Raptors,Houston Rockets,1/25,102,ESPN
Sacramento Kings,Memphis Grizzlies,1/25,102,X
Detroit Pistons,Dallas Mavericks,1/25,102,X
Charlotte Hornets,Milwaukee Bucks,1/25,102,X
Phoenix Suns,Denver Nuggets,1/25,102,X
Minnesota Timberwolves,Utah Jazz,1/25,102,X
San Antonio Spurs,New Orleans Pelicans,1/26,103,X
Indiana Pacers,Memphis Grizzlies,1/26,103,X
Golden State Warriors,Boston Celtics,1/26,103,ABC
Philadelphia 76ers,Denver Nuggets,1/26,103,X
Atlanta Hawks,Portland Trail Blazers,1/26,103,X
Cleveland Cavaliers,Chicago Bulls,1/27,104,X
Sacramento Kings,Los Angeles Clippers,1/27,104,X
Milwaukee Bucks,Oklahoma City Thunder,1/27,104,ESPN
Orlando Magic,Houston Rockets,1/27,104,X
Toronto Raptors,Dallas Mavericks,1/27,104,X
Utah Jazz,Minnesota Timberwolves,1/27,104,X
Washington Wizards,San Antonio Spurs,1/27,104,X
Miami Heat,New York Knicks,1/27,104,X
Phoenix Suns,Los Angeles Lakers,1/27,104,X
New York Knicks,Charlotte Hornets,1/28,105,X
Golden State Warriors,Indiana Pacers,1/28,105,NBA TV
Brooklyn Nets,Boston Celtics,1/28,105,X
Denver Nuggets,Memphis Grizzlies,1/28,105,X
Atlanta Hawks,Los Angeles Clippers,1/28,105,NBA TV
Washington Wizards,Cleveland Cavaliers,1/29,106,X
Milwaukee Bucks,Detroit Pistons,1/29,106,X
Oklahoma City Thunder,Orlando Magic,1/29,106,X
Chicago Bulls,Brooklyn Nets,1/29,106,X
New Orleans Pelicans,Houston Rockets,1/29,106,TNT
Phoenix Suns,San Antonio Spurs,1/29,106,X
Philadelphia 76ers,Los Angeles Lakers,1/29,106,TNT
Charlotte Hornets,Boston Celtics,1/30,107,X
Chicago Bulls,Miami Heat,1/30,107,X
Dallas Mavericks,New York Knicks,1/30,107,X
Indiana Pacers,Washington Wizards,1/30,107,ESPN
Memphis Grizzlies,Minnesota Timberwolves,1/30,107,X
Denver Nuggets,New Orleans Pelicans,1/30,107,X
Atlanta Hawks,Sacramento Kings,1/30,107,X
Utah Jazz,Portland Trail Blazers,1/30,107,ESPN
Dallas Mavericks,Detroit Pistons,1/31,108,X
Indiana Pacers,Orlando Magic,1/31,108,X
Milwaukee Bucks,Toronto Raptors,1/31,108,TNT
Brooklyn Nets,San Antonio Spurs,1/31,108,X
Philadelphia 76ers,Golden State Warriors,1/31,108,TNT
Los Angeles Lakers,Los Angeles Clippers,1/31,108,X
Memphis Grizzlies,Charlotte Hornets,2/1,109,X
Boston Celtics,New York Knicks,2/1,109,ESPN
Oklahoma City Thunder,Miami Heat,2/1,109,X
Atlanta Hawks,Utah Jazz,2/1,109,X
Houston Rockets,Denver Nuggets,2/1,109,ESPN
Los Angeles Clippers,Detroit Pistons,2/2,110,X
Chicago Bulls,Charlotte Hornets,2/2,110,X
Brooklyn Nets,Orlando Magic,2/2,110,X
Milwaukee Bucks,Washington Wizards,2/2,110,X
Dallas Mavericks,Cleveland Cavaliers,2/2,110,X
Indiana Pacers,Miami Heat,2/2,110,X
New Orleans Pelicans,San Antonio Spurs,2/2,110,X
Los Angeles Lakers,Golden State Warriors,2/2,110,ABC
Denver Nuggets,Minnesota Timberwolves,2/2,110,X
Atlanta Hawks,Phoenix Suns,2/2,110,X
Houston Rockets,Utah Jazz,2/2,110,X
Philadelphia 76ers,Sacramento Kings,2/2,110,X
Memphis Grizzlies,New York Knicks,2/3,111,X
Oklahoma City Thunder,Boston Celtics,2/3,111,ABC
Los Angeles Clippers,Toronto Raptors,2/3,111,X
Denver Nuggets,Detroit Pistons,2/4,112,X
Atlanta Hawks,Washington Wizards,2/4,112,X
Milwaukee Bucks,Brooklyn Nets,2/4,112,NBA TV
Indiana Pacers,New Orleans Pelicans,2/4,112,X
Houston Rockets,Phoenix Suns,2/4,112,X
San Antonio Spurs,Sacramento Kings,2/4,112,NBA TV
Los Angeles Clippers,Charlotte Hornets,2/5,113,X
Boston Celtics,Cleveland Cavaliers,2/5,113,X
Los Angeles Lakers,Indiana Pacers,2/5,113,X
Detroit Pistons,New York Knicks,2/5,113,X
Toronto Raptors,Philadelphia 76ers,2/5,113,TNT
Minnesota Timberwolves,Memphis Grizzlies,2/5,113,X
Orlando Magic,Oklahoma City Thunder,2/5,113,X
Miami Heat,Portland Trail Blazers,2/5,113,TNT
Denver Nuggets,Brooklyn Nets,2/6,114,X
New Orleans Pelicans,Chicago Bulls,2/6,114,X
Washington Wizards,Milwaukee Bucks,2/6,114,ESPN
Charlotte Hornets,Dallas Mavericks,2/6,114,X
Phoenix Suns,Utah Jazz,2/6,114,X
Houston Rockets,Sacramento Kings,2/6,114,X
San Antonio Spurs,Golden State Warriors,2/6,114,ESPN
Los Angeles Clippers,Indiana Pacers,2/7,115,X
Minnesota Timberwolves,Orlando Magic,2/7,115,X
Toronto Raptors,Atlanta Hawks,2/7,115,X
Los Angeles Lakers,Boston Celtics,2/7,115,TNT
Memphis Grizzlies,Oklahoma City Thunder,2/7,115,X
San Antonio Spurs,Portland Trail Blazers,2/7,115,TNT
New York Knicks,Detroit Pistons,2/8,116,X
Denver Nuggets,Philadelphia 76ers,2/8,116,ESPN
Cleveland Cavaliers,Washington Wizards,2/8,116,X
Chicago Bulls,Brooklyn Nets,2/8,116,X
Milwaukee Bucks,Dallas Mavericks,2/8,116,X
Golden State Warriors,Phoenix Suns,2/8,116,X
Minnesota Timberwolves,New Orleans Pelicans,2/8,116,ESPN
Miami Heat,Sacramento Kings,2/8,116,X
San Antonio Spurs,Utah Jazz,2/9,117,X
Cleveland Cavaliers,Indiana Pacers,2/9,117,X
Charlotte Hornets,Atlanta Hawks,2/9,117,X
Toronto Raptors,New York Knicks,2/9,117,X
Los Angeles Clippers,Boston Celtics,2/9,117,X
Washington Wizards,Chicago Bulls,2/9,117,X
New Orleans Pelicans,Memphis Grizzlies,2/9,117,X
Oklahoma City Thunder,Houston Rockets,2/9,117,ABC
Orlando Magic,Milwaukee Bucks,2/9,117,X
Portland Trail Blazers,Dallas Mavericks,2/10,118,X
Los Angeles Lakers,Philadelphia 76ers,2/10,118,ABC
Phoenix Suns,Sacramento Kings,2/10,118,X
Orlando Magic,Atlanta Hawks,2/10,118,X
Miami Heat,Golden State Warriors,2/10,118,NBA TV
New York Knicks,Cleveland Cavaliers,2/11,119,X
Washington Wizards,Detroit Pistons,2/11,119,NBA TV
Charlotte Hornets,Indiana Pacers,2/11,119,X
Brooklyn Nets,Toronto Raptors,2/11,119,X
Milwaukee Bucks,Chicago Bulls,2/11,119,X
Dallas Mavericks,Houston Rockets,2/11,119,X
Los Angeles Clippers,Minnesota Timberwolves,2/11,119,X
Portland Trail Blazers,Oklahoma City Thunder,2/11,119,X
Miami Heat,Denver Nuggets,2/11,119,X
Los Angeles Lakers,Atlanta Hawks,2/12,120,X
Boston Celtics,Philadelphia 76ers,2/12,120,TNT
San Antonio Spurs,Memphis Grizzlies,2/12,120,X
Orlando Magic,New Orleans Pelicans,2/12,120,X
Utah Jazz,Golden State Warriors,2/12,120,TNT
Brooklyn Nets,Cleveland Cavaliers,2/13,121,ESPN
Milwaukee Bucks,Indiana Pacers,2/13,121,X
Detroit Pistons,Boston Celtics,2/13,121,X
Philadelphia 76ers,New York Knicks,2/13,121,X
Washington Wizards,Toronto Raptors,2/13,121,X
Memphis Grizzlies,Chicago Bulls,2/13,121,X
Miami Heat,Dallas Mavericks,2/13,121,X
Sacramento Kings,Denver Nuggets,2/13,121,X
Houston Rockets,Minnesota Timberwolves,2/13,121,ESPN
Golden State Warriors,Portland Trail Blazers,2/13,121,X
Phoenix Suns,Los Angeles Clippers,2/13,121,X
Charlotte Hornets,Orlando Magic,2/14,122,X
New York Knicks,Atlanta Hawks,2/14,122,X
Oklahoma City Thunder,New Orleans Pelicans,2/14,122,TNT
Phoenix Suns,Cleveland Cavaliers,2/21,129,X
Miami Heat,Philadelphia 76ers,2/21,129,X
Portland Trail Blazers,Brooklyn Nets,2/21,129,X
Boston Celtics,Milwaukee Bucks,2/21,129,TNT
Sacramento Kings,Golden State Warriors,2/21,129,X
Houston Rockets,Los Angeles Lakers,2/21,129,TNT
Washington Wizards,Charlotte Hornets,2/22,130,X
New Orleans Pelicans,Indiana Pacers,2/22,130,X
Chicago Bulls,Orlando Magic,2/22,130,X
San Antonio Spurs,Toronto Raptors,2/22,130,ESPN
Detroit Pistons,Atlanta Hawks,2/22,130,X
Minnesota Timberwolves,New York Knicks,2/22,130,X
Los Angeles Clippers,Memphis Grizzlies,2/22,130,X
Denver Nuggets,Dallas Mavericks,2/22,130,X
Utah Jazz,Oklahoma City Thunder,2/22,130,ESPN
Portland Trail Blazers,Philadelphia 76ers,2/23,131,X
Phoenix Suns,Atlanta Hawks,2/23,131,X
Brooklyn Nets,Charlotte Hornets,2/23,131,X
Memphis Grizzlies,Cleveland Cavaliers,2/23,131,X
Indiana Pacers,Washington Wizards,2/23,131,X
Los Angeles Lakers,New Orleans Pelicans,2/23,131,X
Detroit Pistons,Miami Heat,2/23,131,X
Boston Celtics,Chicago Bulls,2/23,131,X
Sacramento Kings,Oklahoma City Thunder,2/23,131,X
Minnesota Timberwolves,Milwaukee Bucks,2/23,131,X
Houston Rockets,Golden State Warriors,2/23,131,ABC
Dallas Mavericks,Utah Jazz,2/23,131,X
Orlando Magic,Toronto Raptors,2/24,132,X
Los Angeles Clippers,Denver Nuggets,2/24,132,X
San Antonio Spurs,New York Knicks,2/24,132,NBA TV
Golden State Warriors,Charlotte Hornets,2/25,133,X
Portland Trail Blazers,Cleveland Cavaliers,2/25,133,X
Indiana Pacers,Detroit Pistons,2/25,133,X
San Antonio Spurs,Brooklyn Nets,2/25,133,X
Phoenix Suns,Miami Heat,2/25,133,X
Milwaukee Bucks,Chicago Bulls,2/25,133,X
Atlanta Hawks,Houston Rockets,2/25,133,X
Los Angeles Lakers,Memphis Grizzlies,2/25,133,X
Sacramento Kings,Minnesota Timberwolves,2/25,133,X
Philadelphia 76ers,New Orleans Pelicans,2/25,133,NBA TV
Dallas Mavericks,Los Angeles Clippers,2/25,133,NBA TV
Orlando Magic,New York Knicks,2/26,134,X
Boston Celtics,Toronto Raptors,2/26,134,TNT
Oklahoma City Thunder,Denver Nuggets,2/26,134,TNT
Houston Rockets,Charlotte Hornets,2/27,135,X
Minnesota Timberwolves,Atlanta Hawks,2/27,135,X
Portland Trail Blazers,Boston Celtics,2/27,135,X
Washington Wizards,Brooklyn Nets,2/27,135,X
Golden State Warriors,Miami Heat,2/27,135,X
Chicago Bulls,Memphis Grizzlies,2/27,135,X
Detroit Pistons,San Antonio Spurs,2/27,135,ESPN
Indiana Pacers,Dallas Mavericks,2/27,135,X
Los Angeles Clippers,Utah Jazz,2/27,135,X
Milwaukee Bucks,Sacramento Kings,2/27,135,X
New Orleans Pelicans,Los Angeles Lakers,2/27,135,ESPN
Minnesota Timberwolves,Indiana Pacers,2/28,136,TNT
Golden State Warriors,Orlando Magic,2/28,136,X
Cleveland Cavaliers,New York Knicks,2/28,136,X
Miami Heat,Houston Rockets,2/28,136,X
Utah Jazz,Denver Nuggets,2/28,136,X
Philadelphia 76ers,Oklahoma City Thunder,2/28,136,TNT
Chicago Bulls,Atlanta Hawks,3/1,137,X
Charlotte Hornets,Brooklyn Nets,3/1,137,X
Portland Trail Blazers,Toronto Raptors,3/1,137,X
Washington Wizards,Boston Celtics,3/1,137,ESPN
New Orleans Pelicans,Phoenix Suns,3/1,137,X
Los Angeles Clippers,Sacramento Kings,3/1,137,X
Milwaukee Bucks,Los Angeles Lakers,3/1,137,ESPN
Detroit Pistons,Cleveland Cavaliers,3/2,138,X
Orlando Magic,Indiana Pacers,3/2,138,X
Brooklyn Nets,Miami Heat,3/2,138,X
Golden State Warriors,Philadelphia 76ers,3/2,138,ABC
Memphis Grizzlies,Dallas Mavericks,3/2,138,X
Oklahoma City Thunder,San Antonio Spurs,3/2,138,X
New Orleans Pelicans,Denver Nuggets,3/2,138,X
Los Angeles Lakers,Phoenix Suns,3/2,138,X
Milwaukee Bucks,Utah Jazz,3/2,138,X
Portland Trail Blazers,Charlotte Hornets,3/3,139,X
Houston Rockets,Boston Celtics,3/3,139,ABC
Atlanta Hawks,Chicago Bulls,3/3,139,X
New York Knicks,Los Angeles Clippers,3/3,139,X
Orlando Magic,Cleveland Cavaliers,3/3,139,X
Toronto Raptors,Detroit Pistons,3/3,139,X
Minnesota Timberwolves,Washington Wizards,3/3,139,X
Memphis Grizzlies,Oklahoma City Thunder,3/3,139,NBA TV
Dallas Mavericks,Brooklyn Nets,3/4,140,NBA TV
Atlanta Hawks,Miami Heat,3/4,140,X
Denver Nuggets,San Antonio Spurs,3/4,140,X
Milwaukee Bucks,Phoenix Suns,3/4,140,X
New Orleans Pelicans,Utah Jazz,3/4,140,X
New York Knicks,Sacramento Kings,3/4,140,X
Los Angeles Clippers,Los Angeles Lakers,3/4,140,NBA TV
Chicago Bulls,Indiana Pacers,3/5,141,X
Orlando Magic,Philadelphia 76ers,3/5,141,X
Houston Rockets,Toronto Raptors,3/5,141,TNT
Portland Trail Blazers,Memphis Grizzlies,3/5,141,X
Oklahoma City Thunder,Minnesota Timberwolves,3/5,141,X
Boston Celtics,Golden State Warriors,3/5,141,TNT
Miami Heat,Charlotte Hornets,3/6,142,X
Minnesota Timberwolves,Detroit Pistons,3/6,142,X
Dallas Mavericks,Washington Wizards,3/6,142,X
San Antonio Spurs,Atlanta Hawks,3/6,142,X
Cleveland Cavaliers,Brooklyn Nets,3/6,142,X
Philadelphia 76ers,Chicago Bulls,3/6,142,ESPN
Utah Jazz,New Orleans Pelicans,3/6,142,X
New York Knicks,Phoenix Suns,3/6,142,X
Boston Celtics,Sacramento Kings,3/6,142,X
Denver Nuggets,Los Angeles Lakers,3/6,142,ESPN
Indiana Pacers,Milwaukee Bucks,3/7,143,TNT
Oklahoma City Thunder,Portland Trail Blazers,3/7,143,TNT
Washington Wizards,Charlotte Hornets,3/8,144,X
Dallas Mavericks,Orlando Magic,3/8,144,X
Cleveland Cavaliers,Miami Heat,3/8,144,X
Detroit Pistons,Chicago Bulls,3/8,144,X
Philadelphia 76ers,Houston Rockets,3/8,144,ESPN
Utah Jazz,Memphis Grizzlies,3/8,144,X
Toronto Raptors,New Orleans Pelicans,3/8,144,X
Denver Nuggets,Golden State Warriors,3/8,144,ESPN
Oklahoma City Thunder,Los Angeles Clippers,3/8,144,X
Sacramento Kings,New York Knicks,3/9,145,X
Brooklyn Nets,Atlanta Hawks,3/9,145,X
Washington Wizards,Minnesota Timberwolves,3/9,145,X
Boston Celtics,Los Angeles Lakers,3/9,145,ABC
Charlotte Hornets,Milwaukee Bucks,3/9,145,X
Phoenix Suns,Portland Trail Blazers,3/9,145,X
Chicago Bulls,Detroit Pistons,3/10,146,X
Toronto Raptors,Miami Heat,3/10,146,X
Indiana Pacers,Philadelphia 76ers,3/10,146,ABC
New Orleans Pelicans,Atlanta Hawks,3/10,146,NBA TV
Orlando Magic,Memphis Grizzlies,3/10,146,X
Houston Rockets,Dallas Mavericks,3/10,146,X
New York Knicks,Minnesota Timberwolves,3/10,146,X
Milwaukee Bucks,San Antonio Spurs,3/10,146,X
Phoenix Suns,Golden State Warriors,3/10,146,NBA TV
Toronto Raptors,Cleveland Cavaliers,3/11,147,NBA TV
Sacramento Kings,Washington Wizards,3/11,147,X
Detroit Pistons,Brooklyn Nets,3/11,147,X
Charlotte Hornets,Houston Rockets,3/11,147,X
Oklahoma City Thunder,Utah Jazz,3/11,147,X
Boston Celtics,Los Angeles Clippers,3/11,147,NBA TV
New York Knicks,Indiana Pacers,3/12,148,X
Cleveland Cavaliers,Philadelphia 76ers,3/12,148,X
Los Angeles Lakers,Chicago Bulls,3/12,148,X
Milwaukee Bucks,New Orleans Pelicans,3/12,148,TNT
San Antonio Spurs,Dallas Mavericks,3/12,148,X
Minnesota Timberwolves,Denver Nuggets,3/12,148,TNT
Portland Trail Blazers,Los Angeles Clippers,3/12,148,X
Detroit Pistons,Miami Heat,3/13,149,ESPN
Orlando Magic,Washington Wizards,3/13,149,X
Memphis Grizzlies,Atlanta Hawks,3/13,149,X
Brooklyn Nets,Oklahoma City Thunder,3/13,149,X
Golden State Warriors,Houston Rockets,3/13,149,ESPN
Utah Jazz,Phoenix Suns,3/13,149,X
Oklahoma City Thunder,Indiana Pacers,3/14,150,X
Cleveland Cavaliers,Orlando Magic,3/14,150,X
Sacramento Kings,Boston Celtics,3/14,150,X
Los Angeles Lakers,Toronto Raptors,3/14,150,TNT
Minnesota Timberwolves,Utah Jazz,3/14,150,X
Dallas Mavericks,Denver Nuggets,3/14,150,TNT
Los Angeles Lakers,Detroit Pistons,3/15,151,NBA TV
Sacramento Kings,Philadelphia 76ers,3/15,151,X
Charlotte Hornets,Washington Wizards,3/15,151,X
Milwaukee Bucks,Miami Heat,3/15,151,X
Phoenix Suns,Houston Rockets,3/15,151,X
Portland Trail Blazers,New Orleans Pelicans,3/15,151,X
New York Knicks,San Antonio Spurs,3/15,151,X
Chicago Bulls,Los Angeles Clippers,3/15,151,NBA TV
Atlanta Hawks,Boston Celtics,3/16,152,X
Memphis Grizzlies,Washington Wizards,3/16,152,X
Phoenix Suns,New Orleans Pelicans,3/16,152,X
Cleveland Cavaliers,Dallas Mavericks,3/16,152,X
Golden State Warriors,Oklahoma City Thunder,3/16,152,ABC
Portland Trail Blazers,San Antonio Spurs,3/16,152,X
Indiana Pacers,Denver Nuggets,3/16,152,X
Brooklyn Nets,Utah Jazz,3/16,152,X
Los Angeles Lakers,New York Knicks,3/17,153,X
Charlotte Hornets,Miami Heat,3/17,153,X
Philadelphia 76ers,Milwaukee Bucks,3/17,153,ABC
Toronto Raptors,Detroit Pistons,3/17,153,X
Atlanta Hawks,Orlando Magic,3/17,153,X
Chicago Bulls,Sacramento Kings,3/17,153,X
Minnesota Timberwolves,Houston Rockets,3/17,153,ESPN
Brooklyn Nets,Los Angeles Clippers,3/17,153,X
Detroit Pistons,Cleveland Cavaliers,3/18,154,X
Utah Jazz,Washington Wizards,3/18,154,X
Denver Nuggets,Boston Celtics,3/18,154,X
New York Knicks,Toronto Raptors,3/18,154,X
Miami Heat,Oklahoma City Thunder,3/18,154,X
Golden State Warriors,San Antonio Spurs,3/18,154,ESPN
New Orleans Pelicans,Dallas Mavericks,3/18,154,X
Chicago Bulls,Phoenix Suns,3/18,154,X
Indiana Pacers,Portland Trail Blazers,3/18,154,ESPN
Philadelphia 76ers,Charlotte Hornets,3/19,155,X
Houston Rockets,Atlanta Hawks,3/19,155,X
Los Angeles Lakers,Milwaukee Bucks,3/19,155,NBA TV
Golden State Warriors,Minnesota Timberwolves,3/19,155,X
Brooklyn Nets,Sacramento Kings,3/19,155,X
Indiana Pacers,Los Angeles Clippers,3/19,155,NBA TV
Milwaukee Bucks,Cleveland Cavaliers,3/20,156,X
New Orleans Pelicans,Orlando Magic,3/20,156,X
Boston Celtics,Philadelphia 76ers,3/20,156,ESPN
Utah Jazz,New York Knicks,3/20,156,X
Washington Wizards,Chicago Bulls,3/20,156,X
Houston Rockets,Memphis Grizzlies,3/20,156,X
Miami Heat,San Antonio Spurs,3/20,156,X
Toronto Raptors,Oklahoma City Thunder,3/20,156,ESPN
Dallas Mavericks,Portland Trail Blazers,3/20,156,X
Minnesota Timberwolves,Charlotte Hornets,3/21,157,X
Denver Nuggets,Washington Wizards,3/21,157,NBA TV
Utah Jazz,Atlanta Hawks,3/21,157,X
Detroit Pistons,Phoenix Suns,3/21,157,X
Dallas Mavericks,Sacramento Kings,3/21,157,X
Indiana Pacers,Golden State Warriors,3/21,157,X
Memphis Grizzlies,Orlando Magic,3/22,158,X
Los Angeles Clippers,Cleveland Cavaliers,3/22,158,X
Denver Nuggets,New York Knicks,3/22,158,X
Oklahoma City Thunder,Toronto Raptors,3/22,158,X
San Antonio Spurs,Houston Rockets,3/22,158,NBA TV
Miami Heat,Milwaukee Bucks,3/22,158,X
Brooklyn Nets,Los Angeles Lakers,3/22,158,X
Boston Celtics,Charlotte Hornets,3/23,159,X
Miami Heat,Washington Wizards,3/23,159,X
Philadelphia 76ers,Atlanta Hawks,3/23,159,NBA TV
Utah Jazz,Chicago Bulls,3/23,159,X
Minnesota Timberwolves,Memphis Grizzlies,3/23,159,X
Dallas Mavericks,Golden State Warriors,3/23,159,X
Detroit Pistons,Portland Trail Blazers,3/23,159,NBA TV
Phoenix Suns,Sacramento Kings,3/23,159,X
Los Angeles Clippers,New York Knicks,3/24,160,X
Cleveland Cavaliers,Milwaukee Bucks,3/24,160,X
Denver Nuggets,Indiana Pacers,3/24,160,X
Charlotte Hornets,Toronto Raptors,3/24,160,X
Houston Rockets,New Orleans Pelicans,3/24,160,X
San Antonio Spurs,Boston Celtics,3/24,160,NBA TV
Detroit Pistons,Golden State Warriors,3/24,160,X
Sacramento Kings,Los Angeles Lakers,3/24,160,X
Philadelphia 76ers,Orlando Magic,3/25,161,NBA TV
Oklahoma City Thunder,Memphis Grizzlies,3/25,161,X
Phoenix Suns,Utah Jazz,3/25,161,X
Brooklyn Nets,Portland Trail Blazers,3/25,161,NBA TV
San Antonio Spurs,Charlotte Hornets,3/26,162,X
Boston Celtics,Cleveland Cavaliers,3/26,162,X
Orlando Magic,Miami Heat,3/26,162,X
Chicago Bulls,Toronto Raptors,3/26,162,X
Houston Rockets,Milwaukee Bucks,3/26,162,TNT
Los Angeles Clippers,Minnesota Timberwolves,3/26,162,X
Atlanta Hawks,New Orleans Pelicans,3/26,162,X
Sacramento Kings,Dallas Mavericks,3/26,162,X
Detroit Pistons,Denver Nuggets,3/26,162,X
Washington Wizards,Los Angeles Lakers,3/26,162,TNT
Portland Trail Blazers,Chicago Bulls,3/27,163,X
Golden State Warriors,Memphis Grizzlies,3/27,163,X
Indiana Pacers,Oklahoma City Thunder,3/27,163,ESPN
Washington Wizards,Phoenix Suns,3/27,163,X
Los Angeles Lakers,Utah Jazz,3/27,163,ESPN
Orlando Magic,Detroit Pistons,3/28,164,X
Brooklyn Nets,Philadelphia 76ers,3/28,164,X
Dallas Mavericks,Miami Heat,3/28,164,X
Toronto Raptors,New York Knicks,3/28,164,X
Denver Nuggets,Houston Rockets,3/28,164,NBA TV
Los Angeles Clippers,Milwaukee Bucks,3/28,164,X
Sacramento Kings,New Orleans Pelicans,3/28,164,X
Cleveland Cavaliers,San Antonio Spurs,3/28,164,X
Indiana Pacers,Boston Celtics,3/29,165,NBA TV
Portland Trail Blazers,Atlanta Hawks,3/29,165,X
Golden State Warriors,Minnesota Timberwolves,3/29,165,X
Denver Nuggets,Oklahoma City Thunder,3/29,165,X
Washington Wizards,Utah Jazz,3/29,165,X
Charlotte Hornets,Los Angeles Lakers,3/29,165,X
Cleveland Cavaliers,Los Angeles Clippers,3/30,166,X
Boston Celtics,Brooklyn Nets,3/30,166,X
Sacramento Kings,Houston Rockets,3/30,166,X
Portland Trail Blazers,Detroit Pistons,3/30,166,X
Orlando Magic,Indiana Pacers,3/30,166,X
Miami Heat,New York Knicks,3/30,166,X
Toronto Raptors,Chicago Bulls,3/30,166,X
Philadelphia 76ers,Minnesota Timberwolves,3/30,166,NBA TV
Memphis Grizzlies,Phoenix Suns,3/30,166,X
Milwaukee Bucks,Atlanta Hawks,3/31,167,X
Dallas Mavericks,Oklahoma City Thunder,3/31,167,X
Los Angeles Lakers,New Orleans Pelicans,3/31,167,X
Sacramento Kings,San Antonio Spurs,3/31,167,X
Washington Wizards,Denver Nuggets,3/31,167,NBA TV
Charlotte Hornets,Golden State Warriors,3/31,167,X
Memphis Grizzlies,Los Angeles Clippers,3/31,167,X
Detroit Pistons,Indiana Pacers,4/1,168,X
Miami Heat,Boston Celtics,4/1,168,NBA TV
Milwaukee Bucks,Brooklyn Nets,4/1,168,X
Chicago Bulls,New York Knicks,4/1,168,X
Orlando Magic,Toronto Raptors,4/1,168,X
Portland Trail Blazers,Minnesota Timberwolves,4/1,168,X
Philadelphia 76ers,Dallas Mavericks,4/1,168,X
Charlotte Hornets,Utah Jazz,4/1,168,X
Cleveland Cavaliers,Phoenix Suns,4/1,168,NBA TV
Los Angeles Lakers,Oklahoma City Thunder,4/2,169,TNT
Atlanta Hawks,San Antonio Spurs,4/2,169,X
Houston Rockets,Sacramento Kings,4/2,169,X
Denver Nuggets,Golden State Warriors,4/2,169,TNT
Indiana Pacers,Detroit Pistons,4/3,170,X
New York Knicks,Orlando Magic,4/3,170,X
Chicago Bulls,Washington Wizards,4/3,170,X
Philadelphia 76ers,Atlanta Hawks,4/3,170,X
Toronto Raptors,Brooklyn Nets,4/3,170,X
Boston Celtics,Miami Heat,4/3,170,NBA TV
Charlotte Hornets,New Orleans Pelicans,4/3,170,X
Minnesota Timberwolves,Dallas Mavericks,4/3,170,X
San Antonio Spurs,Denver Nuggets,4/3,170,X
Utah Jazz,Phoenix Suns,4/3,170,X
Memphis Grizzlies,Portland Trail Blazers,4/3,170,X
Houston Rockets,Los Angeles Clippers,4/3,170,NBA TV
Milwaukee Bucks,Philadelphia 76ers,4/4,171,TNT
Cleveland Cavaliers,Sacramento Kings,4/4,171,X
Golden State Warriors,Los Angeles Lakers,4/4,171,TNT
Toronto Raptors,Charlotte Hornets,4/5,172,X
Atlanta Hawks,Orlando Magic,4/5,172,X
San Antonio Spurs,Washington Wizards,4/5,172,X
Boston Celtics,Indiana Pacers,4/5,172,ESPN
New York Knicks,Houston Rockets,4/5,172,X
Miami Heat,Minnesota Timberwolves,4/5,172,X
Detroit Pistons,Oklahoma City Thunder,4/5,172,X
Memphis Grizzlies,Dallas Mavericks,4/5,172,X
Sacramento Kings,Utah Jazz,4/5,172,X
New Orleans Pelicans,Phoenix Suns,4/5,172,X
Portland Trail Blazers,Denver Nuggets,4/5,172,ESPN
Cleveland Cavaliers,Golden State Warriors,4/5,172,X
Los Angeles Lakers,Los Angeles Clippers,4/5,172,X
Brooklyn Nets,Milwaukee Bucks,4/6,173,NBA TV
Philadelphia 76ers,Chicago Bulls,4/6,173,NBA TV
Miami Heat,Toronto Raptors,4/7,174,NBA TV
San Antonio Spurs,Cleveland Cavaliers,4/7,174,X
Oklahoma City Thunder,Minnesota Timberwolves,4/7,174,ABC
Charlotte Hornets,Detroit Pistons,4/7,174,X
Brooklyn Nets,Indiana Pacers,4/7,174,X
Dallas Mavericks,Memphis Grizzlies,4/7,174,X
Phoenix Suns,Houston Rockets,4/7,174,NBA TV
Atlanta Hawks,Milwaukee Bucks,4/7,174,X
Orlando Magic,Boston Celtics,4/7,174,X
Washington Wizards,New York Knicks,4/7,174,X
Los Angeles Clippers,Golden State Warriors,4/7,174,NBA TV
Denver Nuggets,Portland Trail Blazers,4/7,174,X
New Orleans Pelicans,Sacramento Kings,4/7,174,X
Utah Jazz,Los Angeles Lakers,4/7,174,X
Charlotte Hornets,Cleveland Cavaliers,4/9,176,X
Memphis Grizzlies,Detroit Pistons,4/9,176,X
Boston Celtics,Washington Wizards,4/9,176,TNT
Philadelphia 76ers,Miami Heat,4/9,176,X
New York Knicks,Chicago Bulls,4/9,176,X
Toronto Raptors,Minnesota Timberwolves,4/9,176,X
Golden State Warriors,New Orleans Pelicans,4/9,176,X
Phoenix Suns,Dallas Mavericks,4/9,176,X
Denver Nuggets,Utah Jazz,4/9,176,X
Houston Rockets,Oklahoma City Thunder,4/9,176,TNT
Portland Trail Blazers,Los Angeles Lakers,4/9,176,X
Indiana Pacers,Atlanta Hawks,4/10,177,X
Minnesota Timberwolves,Denver Nuggets,4/10,177,ESPN
Miami Heat,Brooklyn Nets,4/10,177,X
Orlando Magic,Charlotte Hornets,4/10,177,ESPN
Detroit Pistons,New York Knicks,4/10,177,X
Chicago Bulls,Philadelphia 76ers,4/10,177,X
Golden State Warriors,Memphis Grizzlies,4/10,177,X
Oklahoma City Thunder,Milwaukee Bucks,4/10,177,X
Dallas Mavericks,San Antonio Spurs,4/10,177,X
Utah Jazz,Los Angeles Clippers,4/10,177,X
Sacramento Kings,Portland Trail Blazers,4/10,177,X